"id","Processo_Seletivo","nota","Modalidade_Inscrita","Numero_Chamada_Convocacao","Modalidade_Convocada","Codigo_Modalidade_Inscrita","Codigo_Modalidade_Convocada","Curso","mod_ins","mod_con","pub","bxa","ppi","pcd"
16,"SISU2019",724.7,9,1,9,"Ampla Concorrência","Ampla Concorrência","PEDAGOGIA","A0","A0",FALSE,FALSE,FALSE,FALSE
84,"SISU2019",687.18,9,1,9,"Ampla Concorrência","Ampla Concorrência","PEDAGOGIA","A0","A0",FALSE,FALSE,FALSE,FALSE
152,"SISU2019",679.72,9,1,9,"Ampla Concorrência","Ampla Concorrência","PEDAGOGIA","A0","A0",FALSE,FALSE,FALSE,FALSE
217,"SISU2019",677.76,9,1,9,"Ampla Concorrência","Ampla Concorrência","PEDAGOGIA","A0","A0",FALSE,FALSE,FALSE,FALSE
284,"SISU2019",677.02,9,1,9,"Ampla Concorrência","Ampla Concorrência","PEDAGOGIA","A0","A0",FALSE,FALSE,FALSE,FALSE
349,"SISU2019",673.34,9,1,9,"Ampla Concorrência","Ampla Concorrência","PEDAGOGIA","A0","A0",FALSE,FALSE,FALSE,FALSE
419,"SISU2019",667.8,9,1,9,"Ampla Concorrência","Ampla Concorrência","PEDAGOGIA","A0","A0",FALSE,FALSE,FALSE,FALSE
487,"SISU2019",667.3,9,1,9,"Ampla Concorrência","Ampla Concorrência","PEDAGOGIA","A0","A0",FALSE,FALSE,FALSE,FALSE
555,"SISU2019",662.42,9,1,9,"Ampla Concorrência","Ampla Concorrência","PEDAGOGIA","A0","A0",FALSE,FALSE,FALSE,FALSE
621,"SISU2019",655.04,9,1,9,"Ampla Concorrência","Ampla Concorrência","PEDAGOGIA","A0","A0",FALSE,FALSE,FALSE,FALSE
684,"SISU2019",650.38,9,1,9,"Ampla Concorrência","Ampla Concorrência","PEDAGOGIA","A0","A0",FALSE,FALSE,FALSE,FALSE
746,"SISU2019",648.96,9,1,9,"Ampla Concorrência","Ampla Concorrência","PEDAGOGIA","A0","A0",FALSE,FALSE,FALSE,FALSE
812,"SISU2019",648.12,9,1,9,"Ampla Concorrência","Ampla Concorrência","PEDAGOGIA","A0","A0",FALSE,FALSE,FALSE,FALSE
873,"SISU2019",644.28,9,1,9,"Ampla Concorrência","Ampla Concorrência","PEDAGOGIA","A0","A0",FALSE,FALSE,FALSE,FALSE
928,"SISU2019",644.04,9,1,9,"Ampla Concorrência","Ampla Concorrência","PEDAGOGIA","A0","A0",FALSE,FALSE,FALSE,FALSE
990,"SISU2019",642.94,9,1,9,"Ampla Concorrência","Ampla Concorrência","PEDAGOGIA","A0","A0",FALSE,FALSE,FALSE,FALSE
1045,"SISU2019",641.22,9,1,9,"Ampla Concorrência","Ampla Concorrência","PEDAGOGIA","A0","A0",FALSE,FALSE,FALSE,FALSE
1105,"SISU2019",640.62,9,1,9,"Ampla Concorrência","Ampla Concorrência","PEDAGOGIA","A0","A0",FALSE,FALSE,FALSE,FALSE
1155,"SISU2019",639.64,9,1,9,"Ampla Concorrência","Ampla Concorrência","PEDAGOGIA","A0","A0",FALSE,FALSE,FALSE,FALSE
1213,"SISU2019",639,9,1,9,"Ampla Concorrência","Ampla Concorrência","PEDAGOGIA","A0","A0",FALSE,FALSE,FALSE,FALSE
1265,"SISU2019",636.14,9,1,9,"Ampla Concorrência","Ampla Concorrência","PEDAGOGIA","A0","A0",FALSE,FALSE,FALSE,FALSE
1305,"SISU2019",633.72,9,1,9,"Ampla Concorrência","Ampla Concorrência","PEDAGOGIA","A0","A0",FALSE,FALSE,FALSE,FALSE
1338,"SISU2019",633.62,9,1,9,"Ampla Concorrência","Ampla Concorrência","PEDAGOGIA","A0","A0",FALSE,FALSE,FALSE,FALSE
1376,"SISU2019",632.44,9,1,9,"Ampla Concorrência","Ampla Concorrência","PEDAGOGIA","A0","A0",FALSE,FALSE,FALSE,FALSE
1409,"SISU2019",629.12,9,1,9,"Ampla Concorrência","Ampla Concorrência","PEDAGOGIA","A0","A0",FALSE,FALSE,FALSE,FALSE
1441,"SISU2019",628.6,9,1,9,"Ampla Concorrência","Ampla Concorrência","PEDAGOGIA","A0","A0",FALSE,FALSE,FALSE,FALSE
1454,"SISU2019",628.1,9,1,9,"Ampla Concorrência","Ampla Concorrência","PEDAGOGIA","A0","A0",FALSE,FALSE,FALSE,FALSE
1469,"SISU2019",627.32,9,1,9,"Ampla Concorrência","Ampla Concorrência","PEDAGOGIA","A0","A0",FALSE,FALSE,FALSE,FALSE
1483,"SISU2019",626.9,9,1,9,"Ampla Concorrência","Ampla Concorrência","PEDAGOGIA","A0","A0",FALSE,FALSE,FALSE,FALSE
1497,"SISU2019",626,9,1,9,"Ampla Concorrência","Ampla Concorrência","PEDAGOGIA","A0","A0",FALSE,FALSE,FALSE,FALSE
1621,"SISU2019",633.24,1,1,1,"Candidatos autodeclarados pretos, pardos ou indígenas, com renda familiar bruta per capita igual ou inferior a 1,5 salário mínimo e que tenham cursado integralmente o ensino médio em escolas públicas (Lei nº 12.711/2012)","Candidatos autodeclarados pretos, pardos ou indígenas, com renda familiar bruta per capita igual ou inferior a 1,5 salário mínimo e que tenham cursado integralmente o ensino médio em escolas públicas (Lei nº 12.711/2012)","PEDAGOGIA","L02","L02",TRUE,TRUE,TRUE,FALSE
1666,"SISU2019",627.3,1,1,1,"Candidatos autodeclarados pretos, pardos ou indígenas, com renda familiar bruta per capita igual ou inferior a 1,5 salário mínimo e que tenham cursado integralmente o ensino médio em escolas públicas (Lei nº 12.711/2012)","Candidatos autodeclarados pretos, pardos ou indígenas, com renda familiar bruta per capita igual ou inferior a 1,5 salário mínimo e que tenham cursado integralmente o ensino médio em escolas públicas (Lei nº 12.711/2012)","PEDAGOGIA","L02","L02",TRUE,TRUE,TRUE,FALSE
1752,"SISU2019",623.92,1,1,1,"Candidatos autodeclarados pretos, pardos ou indígenas, com renda familiar bruta per capita igual ou inferior a 1,5 salário mínimo e que tenham cursado integralmente o ensino médio em escolas públicas (Lei nº 12.711/2012)","Candidatos autodeclarados pretos, pardos ou indígenas, com renda familiar bruta per capita igual ou inferior a 1,5 salário mínimo e que tenham cursado integralmente o ensino médio em escolas públicas (Lei nº 12.711/2012)","PEDAGOGIA","L02","L02",TRUE,TRUE,TRUE,FALSE
1795,"SISU2019",621.5,1,1,1,"Candidatos autodeclarados pretos, pardos ou indígenas, com renda familiar bruta per capita igual ou inferior a 1,5 salário mínimo e que tenham cursado integralmente o ensino médio em escolas públicas (Lei nº 12.711/2012)","Candidatos autodeclarados pretos, pardos ou indígenas, com renda familiar bruta per capita igual ou inferior a 1,5 salário mínimo e que tenham cursado integralmente o ensino médio em escolas públicas (Lei nº 12.711/2012)","PEDAGOGIA","L02","L02",TRUE,TRUE,TRUE,FALSE
1854,"SISU2019",619.22,1,1,1,"Candidatos autodeclarados pretos, pardos ou indígenas, com renda familiar bruta per capita igual ou inferior a 1,5 salário mínimo e que tenham cursado integralmente o ensino médio em escolas públicas (Lei nº 12.711/2012)","Candidatos autodeclarados pretos, pardos ou indígenas, com renda familiar bruta per capita igual ou inferior a 1,5 salário mínimo e que tenham cursado integralmente o ensino médio em escolas públicas (Lei nº 12.711/2012)","PEDAGOGIA","L02","L02",TRUE,TRUE,TRUE,FALSE
1909,"SISU2019",615.18,1,1,1,"Candidatos autodeclarados pretos, pardos ou indígenas, com renda familiar bruta per capita igual ou inferior a 1,5 salário mínimo e que tenham cursado integralmente o ensino médio em escolas públicas (Lei nº 12.711/2012)","Candidatos autodeclarados pretos, pardos ou indígenas, com renda familiar bruta per capita igual ou inferior a 1,5 salário mínimo e que tenham cursado integralmente o ensino médio em escolas públicas (Lei nº 12.711/2012)","PEDAGOGIA","L02","L02",TRUE,TRUE,TRUE,FALSE
1945,"SISU2019",613.84,1,1,1,"Candidatos autodeclarados pretos, pardos ou indígenas, com renda familiar bruta per capita igual ou inferior a 1,5 salário mínimo e que tenham cursado integralmente o ensino médio em escolas públicas (Lei nº 12.711/2012)","Candidatos autodeclarados pretos, pardos ou indígenas, com renda familiar bruta per capita igual ou inferior a 1,5 salário mínimo e que tenham cursado integralmente o ensino médio em escolas públicas (Lei nº 12.711/2012)","PEDAGOGIA","L02","L02",TRUE,TRUE,TRUE,FALSE
1963,"SISU2019",612.64,1,1,1,"Candidatos autodeclarados pretos, pardos ou indígenas, com renda familiar bruta per capita igual ou inferior a 1,5 salário mínimo e que tenham cursado integralmente o ensino médio em escolas públicas (Lei nº 12.711/2012)","Candidatos autodeclarados pretos, pardos ou indígenas, com renda familiar bruta per capita igual ou inferior a 1,5 salário mínimo e que tenham cursado integralmente o ensino médio em escolas públicas (Lei nº 12.711/2012)","PEDAGOGIA","L02","L02",TRUE,TRUE,TRUE,FALSE
2000,"SISU2019",633.16,5,1,5,"Candidatos autodeclarados pretos, pardos ou indígenas que, independentemente da renda (art. 14, II, Portaria Normativa nº 18/2012), tenham cursado integralmente o ensino médio em escolas públicas (Lei nº 12.711/2012)","Candidatos autodeclarados pretos, pardos ou indígenas que, independentemente da renda (art. 14, II, Portaria Normativa nº 18/2012), tenham cursado integralmente o ensino médio em escolas públicas (Lei nº 12.711/2012)","PEDAGOGIA","L06","L06",TRUE,FALSE,TRUE,FALSE
2067,"SISU2019",610.42,5,1,5,"Candidatos autodeclarados pretos, pardos ou indígenas que, independentemente da renda (art. 14, II, Portaria Normativa nº 18/2012), tenham cursado integralmente o ensino médio em escolas públicas (Lei nº 12.711/2012)","Candidatos autodeclarados pretos, pardos ou indígenas que, independentemente da renda (art. 14, II, Portaria Normativa nº 18/2012), tenham cursado integralmente o ensino médio em escolas públicas (Lei nº 12.711/2012)","PEDAGOGIA","L06","L06",TRUE,FALSE,TRUE,FALSE
2134,"SISU2019",608.94,5,1,5,"Candidatos autodeclarados pretos, pardos ou indígenas que, independentemente da renda (art. 14, II, Portaria Normativa nº 18/2012), tenham cursado integralmente o ensino médio em escolas públicas (Lei nº 12.711/2012)","Candidatos autodeclarados pretos, pardos ou indígenas que, independentemente da renda (art. 14, II, Portaria Normativa nº 18/2012), tenham cursado integralmente o ensino médio em escolas públicas (Lei nº 12.711/2012)","PEDAGOGIA","L06","L06",TRUE,FALSE,TRUE,FALSE
2235,"SISU2019",604.2,5,1,5,"Candidatos autodeclarados pretos, pardos ou indígenas que, independentemente da renda (art. 14, II, Portaria Normativa nº 18/2012), tenham cursado integralmente o ensino médio em escolas públicas (Lei nº 12.711/2012)","Candidatos autodeclarados pretos, pardos ou indígenas que, independentemente da renda (art. 14, II, Portaria Normativa nº 18/2012), tenham cursado integralmente o ensino médio em escolas públicas (Lei nº 12.711/2012)","PEDAGOGIA","L06","L06",TRUE,FALSE,TRUE,FALSE
2267,"SISU2019",603.24,5,1,5,"Candidatos autodeclarados pretos, pardos ou indígenas que, independentemente da renda (art. 14, II, Portaria Normativa nº 18/2012), tenham cursado integralmente o ensino médio em escolas públicas (Lei nº 12.711/2012)","Candidatos autodeclarados pretos, pardos ou indígenas que, independentemente da renda (art. 14, II, Portaria Normativa nº 18/2012), tenham cursado integralmente o ensino médio em escolas públicas (Lei nº 12.711/2012)","PEDAGOGIA","L06","L06",TRUE,FALSE,TRUE,FALSE
2317,"SISU2019",600.72,5,1,5,"Candidatos autodeclarados pretos, pardos ou indígenas que, independentemente da renda (art. 14, II, Portaria Normativa nº 18/2012), tenham cursado integralmente o ensino médio em escolas públicas (Lei nº 12.711/2012)","Candidatos autodeclarados pretos, pardos ou indígenas que, independentemente da renda (art. 14, II, Portaria Normativa nº 18/2012), tenham cursado integralmente o ensino médio em escolas públicas (Lei nº 12.711/2012)","PEDAGOGIA","L06","L06",TRUE,FALSE,TRUE,FALSE
2348,"SISU2019",600.66,5,1,5,"Candidatos autodeclarados pretos, pardos ou indígenas que, independentemente da renda (art. 14, II, Portaria Normativa nº 18/2012), tenham cursado integralmente o ensino médio em escolas públicas (Lei nº 12.711/2012)","Candidatos autodeclarados pretos, pardos ou indígenas que, independentemente da renda (art. 14, II, Portaria Normativa nº 18/2012), tenham cursado integralmente o ensino médio em escolas públicas (Lei nº 12.711/2012)","PEDAGOGIA","L06","L06",TRUE,FALSE,TRUE,FALSE
2360,"SISU2019",598.38,5,1,5,"Candidatos autodeclarados pretos, pardos ou indígenas que, independentemente da renda (art. 14, II, Portaria Normativa nº 18/2012), tenham cursado integralmente o ensino médio em escolas públicas (Lei nº 12.711/2012)","Candidatos autodeclarados pretos, pardos ou indígenas que, independentemente da renda (art. 14, II, Portaria Normativa nº 18/2012), tenham cursado integralmente o ensino médio em escolas públicas (Lei nº 12.711/2012)","PEDAGOGIA","L06","L06",TRUE,FALSE,TRUE,FALSE
2410,"SISU2019",537.06,6,1,6,"Candidatos com deficiência autodeclarados pretos, pardos ou indígenas que, independentemente da renda (art. 14, II, Portaria Normativa nº 18/2012), tenham cursado integralmente o ensino médio em escolas públicas (Lei nº 12.711/2012)","Candidatos com deficiência autodeclarados pretos, pardos ou indígenas que, independentemente da renda (art. 14, II, Portaria Normativa nº 18/2012), tenham cursado integralmente o ensino médio em escolas públicas (Lei nº 12.711/2012)","PEDAGOGIA","L13","L13",TRUE,FALSE,FALSE,TRUE
2446,"SISU2019",593.54,2,1,2,"Candidatos com deficiência autodeclarados pretos, pardos ou indígenas, que tenham renda familiar bruta per capita igual ou inferior a 1,5 salário mínimo e que tenham cursado integralmente o ensino médio em escolas públicas (Lei nº 12.711/2012)","Candidatos com deficiência autodeclarados pretos, pardos ou indígenas, que tenham renda familiar bruta per capita igual ou inferior a 1,5 salário mínimo e que tenham cursado integralmente o ensino médio em escolas públicas (Lei nº 12.711/2012)","PEDAGOGIA","L09","L09",TRUE,TRUE,FALSE,TRUE
2452,"SISU2019",442.04,8,1,8,"Candidatos com deficiência que, independentemente da renda (art. 14, II, Portaria Normativa nº 18/2012), tenham cursado integralmente o ensino médio em escolas públicas (Lei nº 12.711/2012)","Candidatos com deficiência que, independentemente da renda (art. 14, II, Portaria Normativa nº 18/2012), tenham cursado integralmente o ensino médio em escolas públicas (Lei nº 12.711/2012)","PEDAGOGIA","L14","L14",TRUE,FALSE,TRUE,TRUE
2493,"SISU2019",528.16,4,1,4,"Candidatos com deficiência que tenham renda familiar bruta per capita igual ou inferior a 1,5 salário mínimo e que tenham cursado integralmente o ensino médio em escolas públicas (Lei nº 12.711/2012)","Candidatos com deficiência que tenham renda familiar bruta per capita igual ou inferior a 1,5 salário mínimo e que tenham cursado integralmente o ensino médio em escolas públicas (Lei nº 12.711/2012)","PEDAGOGIA","L10","L10",TRUE,TRUE,TRUE,TRUE
2539,"SISU2019",637.18,3,1,3,"Candidatos com renda familiar bruta per capita igual ou inferior a 1,5 salário mínimo que tenham cursado integralmente o ensino médio em escolas públicas (Lei nº 12.711/2012)","Candidatos com renda familiar bruta per capita igual ou inferior a 1,5 salário mínimo que tenham cursado integralmente o ensino médio em escolas públicas (Lei nº 12.711/2012)","PEDAGOGIA","L01","L01",TRUE,TRUE,FALSE,FALSE
2601,"SISU2019",632.92,3,1,3,"Candidatos com renda familiar bruta per capita igual ou inferior a 1,5 salário mínimo que tenham cursado integralmente o ensino médio em escolas públicas (Lei nº 12.711/2012)","Candidatos com renda familiar bruta per capita igual ou inferior a 1,5 salário mínimo que tenham cursado integralmente o ensino médio em escolas públicas (Lei nº 12.711/2012)","PEDAGOGIA","L01","L01",TRUE,TRUE,FALSE,FALSE
2664,"SISU2019",631.44,3,1,3,"Candidatos com renda familiar bruta per capita igual ou inferior a 1,5 salário mínimo que tenham cursado integralmente o ensino médio em escolas públicas (Lei nº 12.711/2012)","Candidatos com renda familiar bruta per capita igual ou inferior a 1,5 salário mínimo que tenham cursado integralmente o ensino médio em escolas públicas (Lei nº 12.711/2012)","PEDAGOGIA","L01","L01",TRUE,TRUE,FALSE,FALSE
2720,"SISU2019",629.08,3,1,3,"Candidatos com renda familiar bruta per capita igual ou inferior a 1,5 salário mínimo que tenham cursado integralmente o ensino médio em escolas públicas (Lei nº 12.711/2012)","Candidatos com renda familiar bruta per capita igual ou inferior a 1,5 salário mínimo que tenham cursado integralmente o ensino médio em escolas públicas (Lei nº 12.711/2012)","PEDAGOGIA","L01","L01",TRUE,TRUE,FALSE,FALSE
2757,"SISU2019",622.34,3,1,3,"Candidatos com renda familiar bruta per capita igual ou inferior a 1,5 salário mínimo que tenham cursado integralmente o ensino médio em escolas públicas (Lei nº 12.711/2012)","Candidatos com renda familiar bruta per capita igual ou inferior a 1,5 salário mínimo que tenham cursado integralmente o ensino médio em escolas públicas (Lei nº 12.711/2012)","PEDAGOGIA","L01","L01",TRUE,TRUE,FALSE,FALSE
2841,"SISU2019",658.16,7,1,7,"Candidatos que, independentemente da renda (art. 14, II, Portaria Normativa nº 18/2012), tenham cursado integralmente o ensino médio em escolas públicas (Lei nº 12.711/2012)","Candidatos que, independentemente da renda (art. 14, II, Portaria Normativa nº 18/2012), tenham cursado integralmente o ensino médio em escolas públicas (Lei nº 12.711/2012)","PEDAGOGIA","L05","L05",TRUE,FALSE,FALSE,FALSE
2900,"SISU2019",642.14,7,1,7,"Candidatos que, independentemente da renda (art. 14, II, Portaria Normativa nº 18/2012), tenham cursado integralmente o ensino médio em escolas públicas (Lei nº 12.711/2012)","Candidatos que, independentemente da renda (art. 14, II, Portaria Normativa nº 18/2012), tenham cursado integralmente o ensino médio em escolas públicas (Lei nº 12.711/2012)","PEDAGOGIA","L05","L05",TRUE,FALSE,FALSE,FALSE
2956,"SISU2019",630.68,7,1,7,"Candidatos que, independentemente da renda (art. 14, II, Portaria Normativa nº 18/2012), tenham cursado integralmente o ensino médio em escolas públicas (Lei nº 12.711/2012)","Candidatos que, independentemente da renda (art. 14, II, Portaria Normativa nº 18/2012), tenham cursado integralmente o ensino médio em escolas públicas (Lei nº 12.711/2012)","PEDAGOGIA","L05","L05",TRUE,FALSE,FALSE,FALSE
3005,"SISU2019",628.34,7,1,7,"Candidatos que, independentemente da renda (art. 14, II, Portaria Normativa nº 18/2012), tenham cursado integralmente o ensino médio em escolas públicas (Lei nº 12.711/2012)","Candidatos que, independentemente da renda (art. 14, II, Portaria Normativa nº 18/2012), tenham cursado integralmente o ensino médio em escolas públicas (Lei nº 12.711/2012)","PEDAGOGIA","L05","L05",TRUE,FALSE,FALSE,FALSE
3031,"SISU2019",623.04,7,1,7,"Candidatos que, independentemente da renda (art. 14, II, Portaria Normativa nº 18/2012), tenham cursado integralmente o ensino médio em escolas públicas (Lei nº 12.711/2012)","Candidatos que, independentemente da renda (art. 14, II, Portaria Normativa nº 18/2012), tenham cursado integralmente o ensino médio em escolas públicas (Lei nº 12.711/2012)","PEDAGOGIA","L05","L05",TRUE,FALSE,FALSE,FALSE
3120,"SISU2019",625.88,9,2,9,"Ampla Concorrência","Ampla Concorrência","PEDAGOGIA","A0","A0",FALSE,FALSE,FALSE,FALSE
3187,"SISU2019",623.7,9,2,9,"Ampla Concorrência","Ampla Concorrência","PEDAGOGIA","A0","A0",FALSE,FALSE,FALSE,FALSE
3257,"SISU2019",621.22,9,2,9,"Ampla Concorrência","Ampla Concorrência","PEDAGOGIA","A0","A0",FALSE,FALSE,FALSE,FALSE
3324,"SISU2019",620.02,9,2,9,"Ampla Concorrência","Ampla Concorrência","PEDAGOGIA","A0","A0",FALSE,FALSE,FALSE,FALSE
3388,"SISU2019",619.32,9,2,9,"Ampla Concorrência","Ampla Concorrência","PEDAGOGIA","A0","A0",FALSE,FALSE,FALSE,FALSE
3459,"SISU2019",616.26,9,2,9,"Ampla Concorrência","Ampla Concorrência","PEDAGOGIA","A0","A0",FALSE,FALSE,FALSE,FALSE
3527,"SISU2019",615.86,9,2,9,"Ampla Concorrência","Ampla Concorrência","PEDAGOGIA","A0","A0",FALSE,FALSE,FALSE,FALSE
3591,"SISU2019",613.14,9,2,9,"Ampla Concorrência","Ampla Concorrência","PEDAGOGIA","A0","A0",FALSE,FALSE,FALSE,FALSE
3657,"SISU2019",612.38,9,2,9,"Ampla Concorrência","Ampla Concorrência","PEDAGOGIA","A0","A0",FALSE,FALSE,FALSE,FALSE
3726,"SISU2019",612.1,9,2,9,"Ampla Concorrência","Ampla Concorrência","PEDAGOGIA","A0","A0",FALSE,FALSE,FALSE,FALSE
3790,"SISU2019",611,9,2,9,"Ampla Concorrência","Ampla Concorrência","PEDAGOGIA","A0","A0",FALSE,FALSE,FALSE,FALSE
3861,"SISU2019",610.62,9,2,9,"Ampla Concorrência","Ampla Concorrência","PEDAGOGIA","A0","A0",FALSE,FALSE,FALSE,FALSE
3925,"SISU2019",610.54,9,2,9,"Ampla Concorrência","Ampla Concorrência","PEDAGOGIA","A0","A0",FALSE,FALSE,FALSE,FALSE
3991,"SISU2019",608.9,9,2,9,"Ampla Concorrência","Ampla Concorrência","PEDAGOGIA","A0","A0",FALSE,FALSE,FALSE,FALSE
4056,"SISU2019",606.94,9,3,9,"Ampla Concorrência","Ampla Concorrência","PEDAGOGIA","A0","A0",FALSE,FALSE,FALSE,FALSE
4123,"SISU2019",601.16,9,3,9,"Ampla Concorrência","Ampla Concorrência","PEDAGOGIA","A0","A0",FALSE,FALSE,FALSE,FALSE
4193,"SISU2019",599.46,9,3,9,"Ampla Concorrência","Ampla Concorrência","PEDAGOGIA","A0","A0",FALSE,FALSE,FALSE,FALSE
4252,"SISU2019",593.7,9,0,NA,"Ampla Concorrência","","PEDAGOGIA","A0","NA",FALSE,FALSE,FALSE,FALSE
4319,"SISU2019",592.58,9,NA,NA,"Ampla Concorrência","","PEDAGOGIA","A0","NA",FALSE,FALSE,FALSE,FALSE
4389,"SISU2019",592.36,9,NA,NA,"Ampla Concorrência","","PEDAGOGIA","A0","NA",FALSE,FALSE,FALSE,FALSE
4451,"SISU2019",587.86,9,NA,NA,"Ampla Concorrência","","PEDAGOGIA","A0","NA",FALSE,FALSE,FALSE,FALSE
4513,"SISU2019",586.68,9,0,NA,"Ampla Concorrência","","PEDAGOGIA","A0","NA",FALSE,FALSE,FALSE,FALSE
4585,"SISU2019",583.78,9,NA,NA,"Ampla Concorrência","","PEDAGOGIA","A0","NA",FALSE,FALSE,FALSE,FALSE
4646,"SISU2019",583.76,9,NA,NA,"Ampla Concorrência","","PEDAGOGIA","A0","NA",FALSE,FALSE,FALSE,FALSE
4705,"SISU2019",583.28,9,NA,NA,"Ampla Concorrência","","PEDAGOGIA","A0","NA",FALSE,FALSE,FALSE,FALSE
4772,"SISU2019",581,9,0,NA,"Ampla Concorrência","","PEDAGOGIA","A0","NA",FALSE,FALSE,FALSE,FALSE
4838,"SISU2019",580.26,9,NA,NA,"Ampla Concorrência","","PEDAGOGIA","A0","NA",FALSE,FALSE,FALSE,FALSE
4894,"SISU2019",576.78,9,0,NA,"Ampla Concorrência","","PEDAGOGIA","A0","NA",FALSE,FALSE,FALSE,FALSE
4957,"SISU2019",576.04,9,NA,NA,"Ampla Concorrência","","PEDAGOGIA","A0","NA",FALSE,FALSE,FALSE,FALSE
5016,"SISU2019",575.68,9,NA,NA,"Ampla Concorrência","","PEDAGOGIA","A0","NA",FALSE,FALSE,FALSE,FALSE
5074,"SISU2019",575.56,9,NA,NA,"Ampla Concorrência","","PEDAGOGIA","A0","NA",FALSE,FALSE,FALSE,FALSE
5134,"SISU2019",575.22,9,0,NA,"Ampla Concorrência","","PEDAGOGIA","A0","NA",FALSE,FALSE,FALSE,FALSE
5191,"SISU2019",574.22,9,NA,NA,"Ampla Concorrência","","PEDAGOGIA","A0","NA",FALSE,FALSE,FALSE,FALSE
5248,"SISU2019",574.08,9,NA,NA,"Ampla Concorrência","","PEDAGOGIA","A0","NA",FALSE,FALSE,FALSE,FALSE
5301,"SISU2019",572.66,9,NA,NA,"Ampla Concorrência","","PEDAGOGIA","A0","NA",FALSE,FALSE,FALSE,FALSE
5360,"SISU2019",571.94,9,NA,NA,"Ampla Concorrência","","PEDAGOGIA","A0","NA",FALSE,FALSE,FALSE,FALSE
5410,"SISU2019",568.76,9,0,NA,"Ampla Concorrência","","PEDAGOGIA","A0","NA",FALSE,FALSE,FALSE,FALSE
5466,"SISU2019",568.14,9,NA,NA,"Ampla Concorrência","","PEDAGOGIA","A0","NA",FALSE,FALSE,FALSE,FALSE
5516,"SISU2019",567.22,9,0,NA,"Ampla Concorrência","","PEDAGOGIA","A0","NA",FALSE,FALSE,FALSE,FALSE
5562,"SISU2019",566.78,9,0,NA,"Ampla Concorrência","","PEDAGOGIA","A0","NA",FALSE,FALSE,FALSE,FALSE
5611,"SISU2019",564.58,9,NA,NA,"Ampla Concorrência","","PEDAGOGIA","A0","NA",FALSE,FALSE,FALSE,FALSE
5625,"SISU2019",562.26,9,NA,NA,"Ampla Concorrência","","PEDAGOGIA","A0","NA",FALSE,FALSE,FALSE,FALSE
5675,"SISU2019",560.7,9,NA,NA,"Ampla Concorrência","","PEDAGOGIA","A0","NA",FALSE,FALSE,FALSE,FALSE
5722,"SISU2019",557.72,9,NA,NA,"Ampla Concorrência","","PEDAGOGIA","A0","NA",FALSE,FALSE,FALSE,FALSE
5769,"SISU2019",555.38,9,0,NA,"Ampla Concorrência","","PEDAGOGIA","A0","NA",FALSE,FALSE,FALSE,FALSE
5810,"SISU2019",554.22,9,NA,NA,"Ampla Concorrência","","PEDAGOGIA","A0","NA",FALSE,FALSE,FALSE,FALSE
5858,"SISU2019",553.76,9,0,NA,"Ampla Concorrência","","PEDAGOGIA","A0","NA",FALSE,FALSE,FALSE,FALSE
5897,"SISU2019",552.54,9,0,NA,"Ampla Concorrência","","PEDAGOGIA","A0","NA",FALSE,FALSE,FALSE,FALSE
5937,"SISU2019",548.42,9,NA,NA,"Ampla Concorrência","","PEDAGOGIA","A0","NA",FALSE,FALSE,FALSE,FALSE
5979,"SISU2019",548.1,9,0,NA,"Ampla Concorrência","","PEDAGOGIA","A0","NA",FALSE,FALSE,FALSE,FALSE
6013,"SISU2019",545.84,9,NA,NA,"Ampla Concorrência","","PEDAGOGIA","A0","NA",FALSE,FALSE,FALSE,FALSE
6053,"SISU2019",540.44,9,0,NA,"Ampla Concorrência","","PEDAGOGIA","A0","NA",FALSE,FALSE,FALSE,FALSE
6087,"SISU2019",536.26,9,0,NA,"Ampla Concorrência","","PEDAGOGIA","A0","NA",FALSE,FALSE,FALSE,FALSE
6128,"SISU2019",530.58,9,NA,NA,"Ampla Concorrência","","PEDAGOGIA","A0","NA",FALSE,FALSE,FALSE,FALSE
6161,"SISU2019",528.72,9,NA,NA,"Ampla Concorrência","","PEDAGOGIA","A0","NA",FALSE,FALSE,FALSE,FALSE
6195,"SISU2019",528.14,9,0,NA,"Ampla Concorrência","","PEDAGOGIA","A0","NA",FALSE,FALSE,FALSE,FALSE
6226,"SISU2019",524.92,9,NA,NA,"Ampla Concorrência","","PEDAGOGIA","A0","NA",FALSE,FALSE,FALSE,FALSE
6257,"SISU2019",523.44,9,NA,NA,"Ampla Concorrência","","PEDAGOGIA","A0","NA",FALSE,FALSE,FALSE,FALSE
6286,"SISU2019",521.4,9,NA,NA,"Ampla Concorrência","","PEDAGOGIA","A0","NA",FALSE,FALSE,FALSE,FALSE
6316,"SISU2019",516.44,9,0,NA,"Ampla Concorrência","","PEDAGOGIA","A0","NA",FALSE,FALSE,FALSE,FALSE
6346,"SISU2019",516.16,9,0,NA,"Ampla Concorrência","","PEDAGOGIA","A0","NA",FALSE,FALSE,FALSE,FALSE
6376,"SISU2019",514.7,9,0,NA,"Ampla Concorrência","","PEDAGOGIA","A0","NA",FALSE,FALSE,FALSE,FALSE
6404,"SISU2019",513.94,9,NA,NA,"Ampla Concorrência","","PEDAGOGIA","A0","NA",FALSE,FALSE,FALSE,FALSE
6431,"SISU2019",513.28,9,NA,NA,"Ampla Concorrência","","PEDAGOGIA","A0","NA",FALSE,FALSE,FALSE,FALSE
6456,"SISU2019",513.16,9,NA,NA,"Ampla Concorrência","","PEDAGOGIA","A0","NA",FALSE,FALSE,FALSE,FALSE
6480,"SISU2019",511.36,9,NA,NA,"Ampla Concorrência","","PEDAGOGIA","A0","NA",FALSE,FALSE,FALSE,FALSE
6503,"SISU2019",509.16,9,0,NA,"Ampla Concorrência","","PEDAGOGIA","A0","NA",FALSE,FALSE,FALSE,FALSE
6526,"SISU2019",507.48,9,0,NA,"Ampla Concorrência","","PEDAGOGIA","A0","NA",FALSE,FALSE,FALSE,FALSE
6547,"SISU2019",507.44,9,NA,NA,"Ampla Concorrência","","PEDAGOGIA","A0","NA",FALSE,FALSE,FALSE,FALSE
6570,"SISU2019",506.98,9,0,NA,"Ampla Concorrência","","PEDAGOGIA","A0","NA",FALSE,FALSE,FALSE,FALSE
6592,"SISU2019",506.28,9,0,NA,"Ampla Concorrência","","PEDAGOGIA","A0","NA",FALSE,FALSE,FALSE,FALSE
6616,"SISU2019",503.32,9,0,NA,"Ampla Concorrência","","PEDAGOGIA","A0","NA",FALSE,FALSE,FALSE,FALSE
6630,"SISU2019",501.58,9,NA,NA,"Ampla Concorrência","","PEDAGOGIA","A0","NA",FALSE,FALSE,FALSE,FALSE
6653,"SISU2019",500.86,9,NA,NA,"Ampla Concorrência","","PEDAGOGIA","A0","NA",FALSE,FALSE,FALSE,FALSE
6685,"SISU2019",497.72,9,NA,NA,"Ampla Concorrência","","PEDAGOGIA","A0","NA",FALSE,FALSE,FALSE,FALSE
6690,"SISU2019",497.64,9,NA,NA,"Ampla Concorrência","","PEDAGOGIA","A0","NA",FALSE,FALSE,FALSE,FALSE
6708,"SISU2019",495.38,9,0,NA,"Ampla Concorrência","","PEDAGOGIA","A0","NA",FALSE,FALSE,FALSE,FALSE
6726,"SISU2019",492.44,9,0,NA,"Ampla Concorrência","","PEDAGOGIA","A0","NA",FALSE,FALSE,FALSE,FALSE
6744,"SISU2019",486.52,9,0,NA,"Ampla Concorrência","","PEDAGOGIA","A0","NA",FALSE,FALSE,FALSE,FALSE
6761,"SISU2019",481.7,9,0,NA,"Ampla Concorrência","","PEDAGOGIA","A0","NA",FALSE,FALSE,FALSE,FALSE
6780,"SISU2019",478.78,9,0,NA,"Ampla Concorrência","","PEDAGOGIA","A0","NA",FALSE,FALSE,FALSE,FALSE
6811,"SISU2019",476.64,9,NA,NA,"Ampla Concorrência","","PEDAGOGIA","A0","NA",FALSE,FALSE,FALSE,FALSE
6816,"SISU2019",476.02,9,0,NA,"Ampla Concorrência","","PEDAGOGIA","A0","NA",FALSE,FALSE,FALSE,FALSE
6831,"SISU2019",470.24,9,0,NA,"Ampla Concorrência","","PEDAGOGIA","A0","NA",FALSE,FALSE,FALSE,FALSE
6856,"SISU2019",464.64,9,NA,NA,"Ampla Concorrência","","PEDAGOGIA","A0","NA",FALSE,FALSE,FALSE,FALSE
6860,"SISU2019",463.16,9,0,NA,"Ampla Concorrência","","PEDAGOGIA","A0","NA",FALSE,FALSE,FALSE,FALSE
6875,"SISU2019",447.74,9,0,NA,"Ampla Concorrência","","PEDAGOGIA","A0","NA",FALSE,FALSE,FALSE,FALSE
6886,"SISU2019",433.78,9,NA,NA,"Ampla Concorrência","","PEDAGOGIA","A0","NA",FALSE,FALSE,FALSE,FALSE
6900,"SISU2019",430.7,9,0,NA,"Ampla Concorrência","","PEDAGOGIA","A0","NA",FALSE,FALSE,FALSE,FALSE
6918,"SISU2019",426.84,9,NA,NA,"Ampla Concorrência","","PEDAGOGIA","A0","NA",FALSE,FALSE,FALSE,FALSE
6930,"SISU2019",422.48,9,0,NA,"Ampla Concorrência","","PEDAGOGIA","A0","NA",FALSE,FALSE,FALSE,FALSE
6945,"SISU2019",418.78,9,NA,NA,"Ampla Concorrência","","PEDAGOGIA","A0","NA",FALSE,FALSE,FALSE,FALSE
6956,"SISU2019",409.54,9,0,NA,"Ampla Concorrência","","PEDAGOGIA","A0","NA",FALSE,FALSE,FALSE,FALSE
6970,"SISU2019",404.04,9,0,NA,"Ampla Concorrência","","PEDAGOGIA","A0","NA",FALSE,FALSE,FALSE,FALSE
6983,"SISU2019",398.74,9,0,NA,"Ampla Concorrência","","PEDAGOGIA","A0","NA",FALSE,FALSE,FALSE,FALSE
7691,"SISU2019",610.58,1,2,9,"Candidatos autodeclarados pretos, pardos ou indígenas, com renda familiar bruta per capita igual ou inferior a 1,5 salário mínimo e que tenham cursado integralmente o ensino médio em escolas públicas (Lei nº 12.711/2012)","Ampla Concorrência","PEDAGOGIA","L02","A0",TRUE,TRUE,TRUE,FALSE
7755,"SISU2019",606.4,1,2,1,"Candidatos autodeclarados pretos, pardos ou indígenas, com renda familiar bruta per capita igual ou inferior a 1,5 salário mínimo e que tenham cursado integralmente o ensino médio em escolas públicas (Lei nº 12.711/2012)","Candidatos autodeclarados pretos, pardos ou indígenas, com renda familiar bruta per capita igual ou inferior a 1,5 salário mínimo e que tenham cursado integralmente o ensino médio em escolas públicas (Lei nº 12.711/2012)","PEDAGOGIA","L02","L02",TRUE,TRUE,TRUE,FALSE
7822,"SISU2019",601,1,2,1,"Candidatos autodeclarados pretos, pardos ou indígenas, com renda familiar bruta per capita igual ou inferior a 1,5 salário mínimo e que tenham cursado integralmente o ensino médio em escolas públicas (Lei nº 12.711/2012)","Candidatos autodeclarados pretos, pardos ou indígenas, com renda familiar bruta per capita igual ou inferior a 1,5 salário mínimo e que tenham cursado integralmente o ensino médio em escolas públicas (Lei nº 12.711/2012)","PEDAGOGIA","L02","L02",TRUE,TRUE,TRUE,FALSE
7890,"SISU2019",594.46,1,2,1,"Candidatos autodeclarados pretos, pardos ou indígenas, com renda familiar bruta per capita igual ou inferior a 1,5 salário mínimo e que tenham cursado integralmente o ensino médio em escolas públicas (Lei nº 12.711/2012)","Candidatos autodeclarados pretos, pardos ou indígenas, com renda familiar bruta per capita igual ou inferior a 1,5 salário mínimo e que tenham cursado integralmente o ensino médio em escolas públicas (Lei nº 12.711/2012)","PEDAGOGIA","L02","L02",TRUE,TRUE,TRUE,FALSE
7958,"SISU2019",590.28,1,2,1,"Candidatos autodeclarados pretos, pardos ou indígenas, com renda familiar bruta per capita igual ou inferior a 1,5 salário mínimo e que tenham cursado integralmente o ensino médio em escolas públicas (Lei nº 12.711/2012)","Candidatos autodeclarados pretos, pardos ou indígenas, com renda familiar bruta per capita igual ou inferior a 1,5 salário mínimo e que tenham cursado integralmente o ensino médio em escolas públicas (Lei nº 12.711/2012)","PEDAGOGIA","L02","L02",TRUE,TRUE,TRUE,FALSE
8027,"SISU2019",587.56,1,2,1,"Candidatos autodeclarados pretos, pardos ou indígenas, com renda familiar bruta per capita igual ou inferior a 1,5 salário mínimo e que tenham cursado integralmente o ensino médio em escolas públicas (Lei nº 12.711/2012)","Candidatos autodeclarados pretos, pardos ou indígenas, com renda familiar bruta per capita igual ou inferior a 1,5 salário mínimo e que tenham cursado integralmente o ensino médio em escolas públicas (Lei nº 12.711/2012)","PEDAGOGIA","L02","L02",TRUE,TRUE,TRUE,FALSE
8092,"SISU2019",564.46,1,2,1,"Candidatos autodeclarados pretos, pardos ou indígenas, com renda familiar bruta per capita igual ou inferior a 1,5 salário mínimo e que tenham cursado integralmente o ensino médio em escolas públicas (Lei nº 12.711/2012)","Candidatos autodeclarados pretos, pardos ou indígenas, com renda familiar bruta per capita igual ou inferior a 1,5 salário mínimo e que tenham cursado integralmente o ensino médio em escolas públicas (Lei nº 12.711/2012)","PEDAGOGIA","L02","L02",TRUE,TRUE,TRUE,FALSE
8150,"SISU2019",562.56,1,3,1,"Candidatos autodeclarados pretos, pardos ou indígenas, com renda familiar bruta per capita igual ou inferior a 1,5 salário mínimo e que tenham cursado integralmente o ensino médio em escolas públicas (Lei nº 12.711/2012)","Candidatos autodeclarados pretos, pardos ou indígenas, com renda familiar bruta per capita igual ou inferior a 1,5 salário mínimo e que tenham cursado integralmente o ensino médio em escolas públicas (Lei nº 12.711/2012)","PEDAGOGIA","L02","L02",TRUE,TRUE,TRUE,FALSE
8215,"SISU2019",548.88,1,3,1,"Candidatos autodeclarados pretos, pardos ou indígenas, com renda familiar bruta per capita igual ou inferior a 1,5 salário mínimo e que tenham cursado integralmente o ensino médio em escolas públicas (Lei nº 12.711/2012)","Candidatos autodeclarados pretos, pardos ou indígenas, com renda familiar bruta per capita igual ou inferior a 1,5 salário mínimo e que tenham cursado integralmente o ensino médio em escolas públicas (Lei nº 12.711/2012)","PEDAGOGIA","L02","L02",TRUE,TRUE,TRUE,FALSE
8276,"SISU2019",545,1,3,2,"Candidatos autodeclarados pretos, pardos ou indígenas, com renda familiar bruta per capita igual ou inferior a 1,5 salário mínimo e que tenham cursado integralmente o ensino médio em escolas públicas (Lei nº 12.711/2012)","Candidatos com deficiência autodeclarados pretos, pardos ou indígenas, que tenham renda familiar bruta per capita igual ou inferior a 1,5 salário mínimo e que tenham cursado integralmente o ensino médio em escolas públicas (Lei nº 12.711/2012)","PEDAGOGIA","L02","L09",TRUE,TRUE,TRUE,FALSE
8336,"SISU2019",544.28,1,0,NA,"Candidatos autodeclarados pretos, pardos ou indígenas, com renda familiar bruta per capita igual ou inferior a 1,5 salário mínimo e que tenham cursado integralmente o ensino médio em escolas públicas (Lei nº 12.711/2012)","","PEDAGOGIA","L02","NA",TRUE,TRUE,TRUE,FALSE
8397,"SISU2019",544.26,1,0,NA,"Candidatos autodeclarados pretos, pardos ou indígenas, com renda familiar bruta per capita igual ou inferior a 1,5 salário mínimo e que tenham cursado integralmente o ensino médio em escolas públicas (Lei nº 12.711/2012)","","PEDAGOGIA","L02","NA",TRUE,TRUE,TRUE,FALSE
8449,"SISU2019",542.9,1,4,1,"Candidatos autodeclarados pretos, pardos ou indígenas, com renda familiar bruta per capita igual ou inferior a 1,5 salário mínimo e que tenham cursado integralmente o ensino médio em escolas públicas (Lei nº 12.711/2012)","Candidatos autodeclarados pretos, pardos ou indígenas, com renda familiar bruta per capita igual ou inferior a 1,5 salário mínimo e que tenham cursado integralmente o ensino médio em escolas públicas (Lei nº 12.711/2012)","PEDAGOGIA","L02","L02",TRUE,TRUE,TRUE,FALSE
8506,"SISU2019",542.68,1,NA,NA,"Candidatos autodeclarados pretos, pardos ou indígenas, com renda familiar bruta per capita igual ou inferior a 1,5 salário mínimo e que tenham cursado integralmente o ensino médio em escolas públicas (Lei nº 12.711/2012)","","PEDAGOGIA","L02","NA",TRUE,TRUE,TRUE,FALSE
8554,"SISU2019",532.32,1,NA,NA,"Candidatos autodeclarados pretos, pardos ou indígenas, com renda familiar bruta per capita igual ou inferior a 1,5 salário mínimo e que tenham cursado integralmente o ensino médio em escolas públicas (Lei nº 12.711/2012)","","PEDAGOGIA","L02","NA",TRUE,TRUE,TRUE,FALSE
8610,"SISU2019",531.3,1,NA,NA,"Candidatos autodeclarados pretos, pardos ou indígenas, com renda familiar bruta per capita igual ou inferior a 1,5 salário mínimo e que tenham cursado integralmente o ensino médio em escolas públicas (Lei nº 12.711/2012)","","PEDAGOGIA","L02","NA",TRUE,TRUE,TRUE,FALSE
8656,"SISU2019",524.12,1,NA,NA,"Candidatos autodeclarados pretos, pardos ou indígenas, com renda familiar bruta per capita igual ou inferior a 1,5 salário mínimo e que tenham cursado integralmente o ensino médio em escolas públicas (Lei nº 12.711/2012)","","PEDAGOGIA","L02","NA",TRUE,TRUE,TRUE,FALSE
8700,"SISU2019",519.96,1,0,NA,"Candidatos autodeclarados pretos, pardos ou indígenas, com renda familiar bruta per capita igual ou inferior a 1,5 salário mínimo e que tenham cursado integralmente o ensino médio em escolas públicas (Lei nº 12.711/2012)","","PEDAGOGIA","L02","NA",TRUE,TRUE,TRUE,FALSE
8749,"SISU2019",516.94,1,0,NA,"Candidatos autodeclarados pretos, pardos ou indígenas, com renda familiar bruta per capita igual ou inferior a 1,5 salário mínimo e que tenham cursado integralmente o ensino médio em escolas públicas (Lei nº 12.711/2012)","","PEDAGOGIA","L02","NA",TRUE,TRUE,TRUE,FALSE
8788,"SISU2019",516.22,1,0,NA,"Candidatos autodeclarados pretos, pardos ou indígenas, com renda familiar bruta per capita igual ou inferior a 1,5 salário mínimo e que tenham cursado integralmente o ensino médio em escolas públicas (Lei nº 12.711/2012)","","PEDAGOGIA","L02","NA",TRUE,TRUE,TRUE,FALSE
8830,"SISU2019",514.14,1,NA,NA,"Candidatos autodeclarados pretos, pardos ou indígenas, com renda familiar bruta per capita igual ou inferior a 1,5 salário mínimo e que tenham cursado integralmente o ensino médio em escolas públicas (Lei nº 12.711/2012)","","PEDAGOGIA","L02","NA",TRUE,TRUE,TRUE,FALSE
8864,"SISU2019",512.1,1,0,NA,"Candidatos autodeclarados pretos, pardos ou indígenas, com renda familiar bruta per capita igual ou inferior a 1,5 salário mínimo e que tenham cursado integralmente o ensino médio em escolas públicas (Lei nº 12.711/2012)","","PEDAGOGIA","L02","NA",TRUE,TRUE,TRUE,FALSE
8873,"SISU2019",511.98,1,0,NA,"Candidatos autodeclarados pretos, pardos ou indígenas, com renda familiar bruta per capita igual ou inferior a 1,5 salário mínimo e que tenham cursado integralmente o ensino médio em escolas públicas (Lei nº 12.711/2012)","","PEDAGOGIA","L02","NA",TRUE,TRUE,TRUE,FALSE
8909,"SISU2019",507.3,1,0,NA,"Candidatos autodeclarados pretos, pardos ou indígenas, com renda familiar bruta per capita igual ou inferior a 1,5 salário mínimo e que tenham cursado integralmente o ensino médio em escolas públicas (Lei nº 12.711/2012)","","PEDAGOGIA","L02","NA",TRUE,TRUE,TRUE,FALSE
8945,"SISU2019",506.7,1,0,NA,"Candidatos autodeclarados pretos, pardos ou indígenas, com renda familiar bruta per capita igual ou inferior a 1,5 salário mínimo e que tenham cursado integralmente o ensino médio em escolas públicas (Lei nº 12.711/2012)","","PEDAGOGIA","L02","NA",TRUE,TRUE,TRUE,FALSE
8972,"SISU2019",505.82,1,NA,NA,"Candidatos autodeclarados pretos, pardos ou indígenas, com renda familiar bruta per capita igual ou inferior a 1,5 salário mínimo e que tenham cursado integralmente o ensino médio em escolas públicas (Lei nº 12.711/2012)","","PEDAGOGIA","L02","NA",TRUE,TRUE,TRUE,FALSE
9007,"SISU2019",503.84,1,0,NA,"Candidatos autodeclarados pretos, pardos ou indígenas, com renda familiar bruta per capita igual ou inferior a 1,5 salário mínimo e que tenham cursado integralmente o ensino médio em escolas públicas (Lei nº 12.711/2012)","","PEDAGOGIA","L02","NA",TRUE,TRUE,TRUE,FALSE
9034,"SISU2019",501.34,1,0,NA,"Candidatos autodeclarados pretos, pardos ou indígenas, com renda familiar bruta per capita igual ou inferior a 1,5 salário mínimo e que tenham cursado integralmente o ensino médio em escolas públicas (Lei nº 12.711/2012)","","PEDAGOGIA","L02","NA",TRUE,TRUE,TRUE,FALSE
9061,"SISU2019",497.92,1,0,NA,"Candidatos autodeclarados pretos, pardos ou indígenas, com renda familiar bruta per capita igual ou inferior a 1,5 salário mínimo e que tenham cursado integralmente o ensino médio em escolas públicas (Lei nº 12.711/2012)","","PEDAGOGIA","L02","NA",TRUE,TRUE,TRUE,FALSE
9085,"SISU2019",497.5,1,NA,NA,"Candidatos autodeclarados pretos, pardos ou indígenas, com renda familiar bruta per capita igual ou inferior a 1,5 salário mínimo e que tenham cursado integralmente o ensino médio em escolas públicas (Lei nº 12.711/2012)","","PEDAGOGIA","L02","NA",TRUE,TRUE,TRUE,FALSE
9110,"SISU2019",493.12,1,0,NA,"Candidatos autodeclarados pretos, pardos ou indígenas, com renda familiar bruta per capita igual ou inferior a 1,5 salário mínimo e que tenham cursado integralmente o ensino médio em escolas públicas (Lei nº 12.711/2012)","","PEDAGOGIA","L02","NA",TRUE,TRUE,TRUE,FALSE
9132,"SISU2019",492.9,1,0,NA,"Candidatos autodeclarados pretos, pardos ou indígenas, com renda familiar bruta per capita igual ou inferior a 1,5 salário mínimo e que tenham cursado integralmente o ensino médio em escolas públicas (Lei nº 12.711/2012)","","PEDAGOGIA","L02","NA",TRUE,TRUE,TRUE,FALSE
9147,"SISU2019",492.5,1,0,NA,"Candidatos autodeclarados pretos, pardos ou indígenas, com renda familiar bruta per capita igual ou inferior a 1,5 salário mínimo e que tenham cursado integralmente o ensino médio em escolas públicas (Lei nº 12.711/2012)","","PEDAGOGIA","L02","NA",TRUE,TRUE,TRUE,FALSE
9166,"SISU2019",491.16,1,NA,NA,"Candidatos autodeclarados pretos, pardos ou indígenas, com renda familiar bruta per capita igual ou inferior a 1,5 salário mínimo e que tenham cursado integralmente o ensino médio em escolas públicas (Lei nº 12.711/2012)","","PEDAGOGIA","L02","NA",TRUE,TRUE,TRUE,FALSE
9185,"SISU2019",489.6,1,0,NA,"Candidatos autodeclarados pretos, pardos ou indígenas, com renda familiar bruta per capita igual ou inferior a 1,5 salário mínimo e que tenham cursado integralmente o ensino médio em escolas públicas (Lei nº 12.711/2012)","","PEDAGOGIA","L02","NA",TRUE,TRUE,TRUE,FALSE
9204,"SISU2019",488.72,1,0,NA,"Candidatos autodeclarados pretos, pardos ou indígenas, com renda familiar bruta per capita igual ou inferior a 1,5 salário mínimo e que tenham cursado integralmente o ensino médio em escolas públicas (Lei nº 12.711/2012)","","PEDAGOGIA","L02","NA",TRUE,TRUE,TRUE,FALSE
9220,"SISU2019",485.76,1,0,NA,"Candidatos autodeclarados pretos, pardos ou indígenas, com renda familiar bruta per capita igual ou inferior a 1,5 salário mínimo e que tenham cursado integralmente o ensino médio em escolas públicas (Lei nº 12.711/2012)","","PEDAGOGIA","L02","NA",TRUE,TRUE,TRUE,FALSE
9233,"SISU2019",485.3,1,0,NA,"Candidatos autodeclarados pretos, pardos ou indígenas, com renda familiar bruta per capita igual ou inferior a 1,5 salário mínimo e que tenham cursado integralmente o ensino médio em escolas públicas (Lei nº 12.711/2012)","","PEDAGOGIA","L02","NA",TRUE,TRUE,TRUE,FALSE
9251,"SISU2019",484.96,1,0,NA,"Candidatos autodeclarados pretos, pardos ou indígenas, com renda familiar bruta per capita igual ou inferior a 1,5 salário mínimo e que tenham cursado integralmente o ensino médio em escolas públicas (Lei nº 12.711/2012)","","PEDAGOGIA","L02","NA",TRUE,TRUE,TRUE,FALSE
9275,"SISU2019",484.66,1,0,NA,"Candidatos autodeclarados pretos, pardos ou indígenas, com renda familiar bruta per capita igual ou inferior a 1,5 salário mínimo e que tenham cursado integralmente o ensino médio em escolas públicas (Lei nº 12.711/2012)","","PEDAGOGIA","L02","NA",TRUE,TRUE,TRUE,FALSE
9291,"SISU2019",480.8,1,NA,NA,"Candidatos autodeclarados pretos, pardos ou indígenas, com renda familiar bruta per capita igual ou inferior a 1,5 salário mínimo e que tenham cursado integralmente o ensino médio em escolas públicas (Lei nº 12.711/2012)","","PEDAGOGIA","L02","NA",TRUE,TRUE,TRUE,FALSE
9302,"SISU2019",479.02,1,NA,NA,"Candidatos autodeclarados pretos, pardos ou indígenas, com renda familiar bruta per capita igual ou inferior a 1,5 salário mínimo e que tenham cursado integralmente o ensino médio em escolas públicas (Lei nº 12.711/2012)","","PEDAGOGIA","L02","NA",TRUE,TRUE,TRUE,FALSE
9321,"SISU2019",478.02,1,NA,NA,"Candidatos autodeclarados pretos, pardos ou indígenas, com renda familiar bruta per capita igual ou inferior a 1,5 salário mínimo e que tenham cursado integralmente o ensino médio em escolas públicas (Lei nº 12.711/2012)","","PEDAGOGIA","L02","NA",TRUE,TRUE,TRUE,FALSE
9330,"SISU2019",476.94,1,0,NA,"Candidatos autodeclarados pretos, pardos ou indígenas, com renda familiar bruta per capita igual ou inferior a 1,5 salário mínimo e que tenham cursado integralmente o ensino médio em escolas públicas (Lei nº 12.711/2012)","","PEDAGOGIA","L02","NA",TRUE,TRUE,TRUE,FALSE
9346,"SISU2019",468.7,1,0,NA,"Candidatos autodeclarados pretos, pardos ou indígenas, com renda familiar bruta per capita igual ou inferior a 1,5 salário mínimo e que tenham cursado integralmente o ensino médio em escolas públicas (Lei nº 12.711/2012)","","PEDAGOGIA","L02","NA",TRUE,TRUE,TRUE,FALSE
9359,"SISU2019",466.48,1,0,NA,"Candidatos autodeclarados pretos, pardos ou indígenas, com renda familiar bruta per capita igual ou inferior a 1,5 salário mínimo e que tenham cursado integralmente o ensino médio em escolas públicas (Lei nº 12.711/2012)","","PEDAGOGIA","L02","NA",TRUE,TRUE,TRUE,FALSE
9373,"SISU2019",461.16,1,NA,NA,"Candidatos autodeclarados pretos, pardos ou indígenas, com renda familiar bruta per capita igual ou inferior a 1,5 salário mínimo e que tenham cursado integralmente o ensino médio em escolas públicas (Lei nº 12.711/2012)","","PEDAGOGIA","L02","NA",TRUE,TRUE,TRUE,FALSE
9381,"SISU2019",459.1,1,NA,NA,"Candidatos autodeclarados pretos, pardos ou indígenas, com renda familiar bruta per capita igual ou inferior a 1,5 salário mínimo e que tenham cursado integralmente o ensino médio em escolas públicas (Lei nº 12.711/2012)","","PEDAGOGIA","L02","NA",TRUE,TRUE,TRUE,FALSE
9392,"SISU2019",455,1,0,NA,"Candidatos autodeclarados pretos, pardos ou indígenas, com renda familiar bruta per capita igual ou inferior a 1,5 salário mínimo e que tenham cursado integralmente o ensino médio em escolas públicas (Lei nº 12.711/2012)","","PEDAGOGIA","L02","NA",TRUE,TRUE,TRUE,FALSE
9401,"SISU2019",452.9,1,NA,NA,"Candidatos autodeclarados pretos, pardos ou indígenas, com renda familiar bruta per capita igual ou inferior a 1,5 salário mínimo e que tenham cursado integralmente o ensino médio em escolas públicas (Lei nº 12.711/2012)","","PEDAGOGIA","L02","NA",TRUE,TRUE,TRUE,FALSE
9410,"SISU2019",452.84,1,NA,NA,"Candidatos autodeclarados pretos, pardos ou indígenas, com renda familiar bruta per capita igual ou inferior a 1,5 salário mínimo e que tenham cursado integralmente o ensino médio em escolas públicas (Lei nº 12.711/2012)","","PEDAGOGIA","L02","NA",TRUE,TRUE,TRUE,FALSE
9420,"SISU2019",452.16,1,NA,NA,"Candidatos autodeclarados pretos, pardos ou indígenas, com renda familiar bruta per capita igual ou inferior a 1,5 salário mínimo e que tenham cursado integralmente o ensino médio em escolas públicas (Lei nº 12.711/2012)","","PEDAGOGIA","L02","NA",TRUE,TRUE,TRUE,FALSE
9428,"SISU2019",448.94,1,0,NA,"Candidatos autodeclarados pretos, pardos ou indígenas, com renda familiar bruta per capita igual ou inferior a 1,5 salário mínimo e que tenham cursado integralmente o ensino médio em escolas públicas (Lei nº 12.711/2012)","","PEDAGOGIA","L02","NA",TRUE,TRUE,TRUE,FALSE
9437,"SISU2019",446.8,1,0,NA,"Candidatos autodeclarados pretos, pardos ou indígenas, com renda familiar bruta per capita igual ou inferior a 1,5 salário mínimo e que tenham cursado integralmente o ensino médio em escolas públicas (Lei nº 12.711/2012)","","PEDAGOGIA","L02","NA",TRUE,TRUE,TRUE,FALSE
9443,"SISU2019",437.42,1,NA,NA,"Candidatos autodeclarados pretos, pardos ou indígenas, com renda familiar bruta per capita igual ou inferior a 1,5 salário mínimo e que tenham cursado integralmente o ensino médio em escolas públicas (Lei nº 12.711/2012)","","PEDAGOGIA","L02","NA",TRUE,TRUE,TRUE,FALSE
9452,"SISU2019",437.32,1,0,NA,"Candidatos autodeclarados pretos, pardos ou indígenas, com renda familiar bruta per capita igual ou inferior a 1,5 salário mínimo e que tenham cursado integralmente o ensino médio em escolas públicas (Lei nº 12.711/2012)","","PEDAGOGIA","L02","NA",TRUE,TRUE,TRUE,FALSE
9461,"SISU2019",435.82,1,0,NA,"Candidatos autodeclarados pretos, pardos ou indígenas, com renda familiar bruta per capita igual ou inferior a 1,5 salário mínimo e que tenham cursado integralmente o ensino médio em escolas públicas (Lei nº 12.711/2012)","","PEDAGOGIA","L02","NA",TRUE,TRUE,TRUE,FALSE
9468,"SISU2019",435.42,1,0,NA,"Candidatos autodeclarados pretos, pardos ou indígenas, com renda familiar bruta per capita igual ou inferior a 1,5 salário mínimo e que tenham cursado integralmente o ensino médio em escolas públicas (Lei nº 12.711/2012)","","PEDAGOGIA","L02","NA",TRUE,TRUE,TRUE,FALSE
9477,"SISU2019",425.88,1,NA,NA,"Candidatos autodeclarados pretos, pardos ou indígenas, com renda familiar bruta per capita igual ou inferior a 1,5 salário mínimo e que tenham cursado integralmente o ensino médio em escolas públicas (Lei nº 12.711/2012)","","PEDAGOGIA","L02","NA",TRUE,TRUE,TRUE,FALSE
9486,"SISU2019",414.98,1,0,NA,"Candidatos autodeclarados pretos, pardos ou indígenas, com renda familiar bruta per capita igual ou inferior a 1,5 salário mínimo e que tenham cursado integralmente o ensino médio em escolas públicas (Lei nº 12.711/2012)","","PEDAGOGIA","L02","NA",TRUE,TRUE,TRUE,FALSE
9494,"SISU2019",414.48,1,0,NA,"Candidatos autodeclarados pretos, pardos ou indígenas, com renda familiar bruta per capita igual ou inferior a 1,5 salário mínimo e que tenham cursado integralmente o ensino médio em escolas públicas (Lei nº 12.711/2012)","","PEDAGOGIA","L02","NA",TRUE,TRUE,TRUE,FALSE
9501,"SISU2019",398.32,1,NA,NA,"Candidatos autodeclarados pretos, pardos ou indígenas, com renda familiar bruta per capita igual ou inferior a 1,5 salário mínimo e que tenham cursado integralmente o ensino médio em escolas públicas (Lei nº 12.711/2012)","","PEDAGOGIA","L02","NA",TRUE,TRUE,TRUE,FALSE
9508,"SISU2019",328.62,1,0,NA,"Candidatos autodeclarados pretos, pardos ou indígenas, com renda familiar bruta per capita igual ou inferior a 1,5 salário mínimo e que tenham cursado integralmente o ensino médio em escolas públicas (Lei nº 12.711/2012)","","PEDAGOGIA","L02","NA",TRUE,TRUE,TRUE,FALSE
9666,"SISU2019",595.5,5,2,5,"Candidatos autodeclarados pretos, pardos ou indígenas que, independentemente da renda (art. 14, II, Portaria Normativa nº 18/2012), tenham cursado integralmente o ensino médio em escolas públicas (Lei nº 12.711/2012)","Candidatos autodeclarados pretos, pardos ou indígenas que, independentemente da renda (art. 14, II, Portaria Normativa nº 18/2012), tenham cursado integralmente o ensino médio em escolas públicas (Lei nº 12.711/2012)","PEDAGOGIA","L06","L06",TRUE,FALSE,TRUE,FALSE
9731,"SISU2019",594.76,5,2,5,"Candidatos autodeclarados pretos, pardos ou indígenas que, independentemente da renda (art. 14, II, Portaria Normativa nº 18/2012), tenham cursado integralmente o ensino médio em escolas públicas (Lei nº 12.711/2012)","Candidatos autodeclarados pretos, pardos ou indígenas que, independentemente da renda (art. 14, II, Portaria Normativa nº 18/2012), tenham cursado integralmente o ensino médio em escolas públicas (Lei nº 12.711/2012)","PEDAGOGIA","L06","L06",TRUE,FALSE,TRUE,FALSE
9791,"SISU2019",590.4,5,2,5,"Candidatos autodeclarados pretos, pardos ou indígenas que, independentemente da renda (art. 14, II, Portaria Normativa nº 18/2012), tenham cursado integralmente o ensino médio em escolas públicas (Lei nº 12.711/2012)","Candidatos autodeclarados pretos, pardos ou indígenas que, independentemente da renda (art. 14, II, Portaria Normativa nº 18/2012), tenham cursado integralmente o ensino médio em escolas públicas (Lei nº 12.711/2012)","PEDAGOGIA","L06","L06",TRUE,FALSE,TRUE,FALSE
9865,"SISU2019",590.08,5,2,5,"Candidatos autodeclarados pretos, pardos ou indígenas que, independentemente da renda (art. 14, II, Portaria Normativa nº 18/2012), tenham cursado integralmente o ensino médio em escolas públicas (Lei nº 12.711/2012)","Candidatos autodeclarados pretos, pardos ou indígenas que, independentemente da renda (art. 14, II, Portaria Normativa nº 18/2012), tenham cursado integralmente o ensino médio em escolas públicas (Lei nº 12.711/2012)","PEDAGOGIA","L06","L06",TRUE,FALSE,TRUE,FALSE
9925,"SISU2019",585.14,5,2,5,"Candidatos autodeclarados pretos, pardos ou indígenas que, independentemente da renda (art. 14, II, Portaria Normativa nº 18/2012), tenham cursado integralmente o ensino médio em escolas públicas (Lei nº 12.711/2012)","Candidatos autodeclarados pretos, pardos ou indígenas que, independentemente da renda (art. 14, II, Portaria Normativa nº 18/2012), tenham cursado integralmente o ensino médio em escolas públicas (Lei nº 12.711/2012)","PEDAGOGIA","L06","L06",TRUE,FALSE,TRUE,FALSE
9992,"SISU2019",583.04,5,2,5,"Candidatos autodeclarados pretos, pardos ou indígenas que, independentemente da renda (art. 14, II, Portaria Normativa nº 18/2012), tenham cursado integralmente o ensino médio em escolas públicas (Lei nº 12.711/2012)","Candidatos autodeclarados pretos, pardos ou indígenas que, independentemente da renda (art. 14, II, Portaria Normativa nº 18/2012), tenham cursado integralmente o ensino médio em escolas públicas (Lei nº 12.711/2012)","PEDAGOGIA","L06","L06",TRUE,FALSE,TRUE,FALSE
10103,"SISU2019",578.68,5,3,5,"Candidatos autodeclarados pretos, pardos ou indígenas que, independentemente da renda (art. 14, II, Portaria Normativa nº 18/2012), tenham cursado integralmente o ensino médio em escolas públicas (Lei nº 12.711/2012)","Candidatos autodeclarados pretos, pardos ou indígenas que, independentemente da renda (art. 14, II, Portaria Normativa nº 18/2012), tenham cursado integralmente o ensino médio em escolas públicas (Lei nº 12.711/2012)","PEDAGOGIA","L06","L06",TRUE,FALSE,TRUE,FALSE
10162,"SISU2019",576.16,5,3,5,"Candidatos autodeclarados pretos, pardos ou indígenas que, independentemente da renda (art. 14, II, Portaria Normativa nº 18/2012), tenham cursado integralmente o ensino médio em escolas públicas (Lei nº 12.711/2012)","Candidatos autodeclarados pretos, pardos ou indígenas que, independentemente da renda (art. 14, II, Portaria Normativa nº 18/2012), tenham cursado integralmente o ensino médio em escolas públicas (Lei nº 12.711/2012)","PEDAGOGIA","L06","L06",TRUE,FALSE,TRUE,FALSE
10220,"SISU2019",575.22,5,3,6,"Candidatos autodeclarados pretos, pardos ou indígenas que, independentemente da renda (art. 14, II, Portaria Normativa nº 18/2012), tenham cursado integralmente o ensino médio em escolas públicas (Lei nº 12.711/2012)","Candidatos com deficiência autodeclarados pretos, pardos ou indígenas que, independentemente da renda (art. 14, II, Portaria Normativa nº 18/2012), tenham cursado integralmente o ensino médio em escolas públicas (Lei nº 12.711/2012)","PEDAGOGIA","L06","L13",TRUE,FALSE,TRUE,FALSE
10275,"SISU2019",571.14,5,NA,NA,"Candidatos autodeclarados pretos, pardos ou indígenas que, independentemente da renda (art. 14, II, Portaria Normativa nº 18/2012), tenham cursado integralmente o ensino médio em escolas públicas (Lei nº 12.711/2012)","","PEDAGOGIA","L06","NA",TRUE,FALSE,TRUE,FALSE
10325,"SISU2019",566.94,5,NA,NA,"Candidatos autodeclarados pretos, pardos ou indígenas que, independentemente da renda (art. 14, II, Portaria Normativa nº 18/2012), tenham cursado integralmente o ensino médio em escolas públicas (Lei nº 12.711/2012)","","PEDAGOGIA","L06","NA",TRUE,FALSE,TRUE,FALSE
10368,"SISU2019",566.4,5,0,NA,"Candidatos autodeclarados pretos, pardos ou indígenas que, independentemente da renda (art. 14, II, Portaria Normativa nº 18/2012), tenham cursado integralmente o ensino médio em escolas públicas (Lei nº 12.711/2012)","","PEDAGOGIA","L06","NA",TRUE,FALSE,TRUE,FALSE
10419,"SISU2019",560.82,5,NA,NA,"Candidatos autodeclarados pretos, pardos ou indígenas que, independentemente da renda (art. 14, II, Portaria Normativa nº 18/2012), tenham cursado integralmente o ensino médio em escolas públicas (Lei nº 12.711/2012)","","PEDAGOGIA","L06","NA",TRUE,FALSE,TRUE,FALSE
10464,"SISU2019",560.02,5,NA,NA,"Candidatos autodeclarados pretos, pardos ou indígenas que, independentemente da renda (art. 14, II, Portaria Normativa nº 18/2012), tenham cursado integralmente o ensino médio em escolas públicas (Lei nº 12.711/2012)","","PEDAGOGIA","L06","NA",TRUE,FALSE,TRUE,FALSE
10503,"SISU2019",559.88,5,NA,NA,"Candidatos autodeclarados pretos, pardos ou indígenas que, independentemente da renda (art. 14, II, Portaria Normativa nº 18/2012), tenham cursado integralmente o ensino médio em escolas públicas (Lei nº 12.711/2012)","","PEDAGOGIA","L06","NA",TRUE,FALSE,TRUE,FALSE
10542,"SISU2019",551.04,5,0,NA,"Candidatos autodeclarados pretos, pardos ou indígenas que, independentemente da renda (art. 14, II, Portaria Normativa nº 18/2012), tenham cursado integralmente o ensino médio em escolas públicas (Lei nº 12.711/2012)","","PEDAGOGIA","L06","NA",TRUE,FALSE,TRUE,FALSE
10578,"SISU2019",546.82,5,0,NA,"Candidatos autodeclarados pretos, pardos ou indígenas que, independentemente da renda (art. 14, II, Portaria Normativa nº 18/2012), tenham cursado integralmente o ensino médio em escolas públicas (Lei nº 12.711/2012)","","PEDAGOGIA","L06","NA",TRUE,FALSE,TRUE,FALSE
10607,"SISU2019",540.8,5,NA,NA,"Candidatos autodeclarados pretos, pardos ou indígenas que, independentemente da renda (art. 14, II, Portaria Normativa nº 18/2012), tenham cursado integralmente o ensino médio em escolas públicas (Lei nº 12.711/2012)","","PEDAGOGIA","L06","NA",TRUE,FALSE,TRUE,FALSE
10636,"SISU2019",538.76,5,NA,NA,"Candidatos autodeclarados pretos, pardos ou indígenas que, independentemente da renda (art. 14, II, Portaria Normativa nº 18/2012), tenham cursado integralmente o ensino médio em escolas públicas (Lei nº 12.711/2012)","","PEDAGOGIA","L06","NA",TRUE,FALSE,TRUE,FALSE
10659,"SISU2019",537.82,5,NA,NA,"Candidatos autodeclarados pretos, pardos ou indígenas que, independentemente da renda (art. 14, II, Portaria Normativa nº 18/2012), tenham cursado integralmente o ensino médio em escolas públicas (Lei nº 12.711/2012)","","PEDAGOGIA","L06","NA",TRUE,FALSE,TRUE,FALSE
10680,"SISU2019",536.02,5,0,NA,"Candidatos autodeclarados pretos, pardos ou indígenas que, independentemente da renda (art. 14, II, Portaria Normativa nº 18/2012), tenham cursado integralmente o ensino médio em escolas públicas (Lei nº 12.711/2012)","","PEDAGOGIA","L06","NA",TRUE,FALSE,TRUE,FALSE
10701,"SISU2019",529.58,5,NA,NA,"Candidatos autodeclarados pretos, pardos ou indígenas que, independentemente da renda (art. 14, II, Portaria Normativa nº 18/2012), tenham cursado integralmente o ensino médio em escolas públicas (Lei nº 12.711/2012)","","PEDAGOGIA","L06","NA",TRUE,FALSE,TRUE,FALSE
10719,"SISU2019",528.18,5,NA,NA,"Candidatos autodeclarados pretos, pardos ou indígenas que, independentemente da renda (art. 14, II, Portaria Normativa nº 18/2012), tenham cursado integralmente o ensino médio em escolas públicas (Lei nº 12.711/2012)","","PEDAGOGIA","L06","NA",TRUE,FALSE,TRUE,FALSE
10737,"SISU2019",517.38,5,NA,NA,"Candidatos autodeclarados pretos, pardos ou indígenas que, independentemente da renda (art. 14, II, Portaria Normativa nº 18/2012), tenham cursado integralmente o ensino médio em escolas públicas (Lei nº 12.711/2012)","","PEDAGOGIA","L06","NA",TRUE,FALSE,TRUE,FALSE
10755,"SISU2019",515.52,5,0,NA,"Candidatos autodeclarados pretos, pardos ou indígenas que, independentemente da renda (art. 14, II, Portaria Normativa nº 18/2012), tenham cursado integralmente o ensino médio em escolas públicas (Lei nº 12.711/2012)","","PEDAGOGIA","L06","NA",TRUE,FALSE,TRUE,FALSE
10773,"SISU2019",512.94,5,NA,NA,"Candidatos autodeclarados pretos, pardos ou indígenas que, independentemente da renda (art. 14, II, Portaria Normativa nº 18/2012), tenham cursado integralmente o ensino médio em escolas públicas (Lei nº 12.711/2012)","","PEDAGOGIA","L06","NA",TRUE,FALSE,TRUE,FALSE
10789,"SISU2019",511.58,5,0,NA,"Candidatos autodeclarados pretos, pardos ou indígenas que, independentemente da renda (art. 14, II, Portaria Normativa nº 18/2012), tenham cursado integralmente o ensino médio em escolas públicas (Lei nº 12.711/2012)","","PEDAGOGIA","L06","NA",TRUE,FALSE,TRUE,FALSE
10803,"SISU2019",508.38,5,0,NA,"Candidatos autodeclarados pretos, pardos ou indígenas que, independentemente da renda (art. 14, II, Portaria Normativa nº 18/2012), tenham cursado integralmente o ensino médio em escolas públicas (Lei nº 12.711/2012)","","PEDAGOGIA","L06","NA",TRUE,FALSE,TRUE,FALSE
10816,"SISU2019",506.5,5,NA,NA,"Candidatos autodeclarados pretos, pardos ou indígenas que, independentemente da renda (art. 14, II, Portaria Normativa nº 18/2012), tenham cursado integralmente o ensino médio em escolas públicas (Lei nº 12.711/2012)","","PEDAGOGIA","L06","NA",TRUE,FALSE,TRUE,FALSE
10828,"SISU2019",506.02,5,0,NA,"Candidatos autodeclarados pretos, pardos ou indígenas que, independentemente da renda (art. 14, II, Portaria Normativa nº 18/2012), tenham cursado integralmente o ensino médio em escolas públicas (Lei nº 12.711/2012)","","PEDAGOGIA","L06","NA",TRUE,FALSE,TRUE,FALSE
10843,"SISU2019",504.66,5,NA,NA,"Candidatos autodeclarados pretos, pardos ou indígenas que, independentemente da renda (art. 14, II, Portaria Normativa nº 18/2012), tenham cursado integralmente o ensino médio em escolas públicas (Lei nº 12.711/2012)","","PEDAGOGIA","L06","NA",TRUE,FALSE,TRUE,FALSE
10855,"SISU2019",504.46,5,0,NA,"Candidatos autodeclarados pretos, pardos ou indígenas que, independentemente da renda (art. 14, II, Portaria Normativa nº 18/2012), tenham cursado integralmente o ensino médio em escolas públicas (Lei nº 12.711/2012)","","PEDAGOGIA","L06","NA",TRUE,FALSE,TRUE,FALSE
10866,"SISU2019",504.22,5,NA,NA,"Candidatos autodeclarados pretos, pardos ou indígenas que, independentemente da renda (art. 14, II, Portaria Normativa nº 18/2012), tenham cursado integralmente o ensino médio em escolas públicas (Lei nº 12.711/2012)","","PEDAGOGIA","L06","NA",TRUE,FALSE,TRUE,FALSE
10877,"SISU2019",503.74,5,NA,NA,"Candidatos autodeclarados pretos, pardos ou indígenas que, independentemente da renda (art. 14, II, Portaria Normativa nº 18/2012), tenham cursado integralmente o ensino médio em escolas públicas (Lei nº 12.711/2012)","","PEDAGOGIA","L06","NA",TRUE,FALSE,TRUE,FALSE
10885,"SISU2019",501.1,5,0,NA,"Candidatos autodeclarados pretos, pardos ou indígenas que, independentemente da renda (art. 14, II, Portaria Normativa nº 18/2012), tenham cursado integralmente o ensino médio em escolas públicas (Lei nº 12.711/2012)","","PEDAGOGIA","L06","NA",TRUE,FALSE,TRUE,FALSE
10895,"SISU2019",500.56,5,NA,NA,"Candidatos autodeclarados pretos, pardos ou indígenas que, independentemente da renda (art. 14, II, Portaria Normativa nº 18/2012), tenham cursado integralmente o ensino médio em escolas públicas (Lei nº 12.711/2012)","","PEDAGOGIA","L06","NA",TRUE,FALSE,TRUE,FALSE
10904,"SISU2019",500.02,5,0,NA,"Candidatos autodeclarados pretos, pardos ou indígenas que, independentemente da renda (art. 14, II, Portaria Normativa nº 18/2012), tenham cursado integralmente o ensino médio em escolas públicas (Lei nº 12.711/2012)","","PEDAGOGIA","L06","NA",TRUE,FALSE,TRUE,FALSE
10913,"SISU2019",499.72,5,NA,NA,"Candidatos autodeclarados pretos, pardos ou indígenas que, independentemente da renda (art. 14, II, Portaria Normativa nº 18/2012), tenham cursado integralmente o ensino médio em escolas públicas (Lei nº 12.711/2012)","","PEDAGOGIA","L06","NA",TRUE,FALSE,TRUE,FALSE
10922,"SISU2019",499.24,5,0,NA,"Candidatos autodeclarados pretos, pardos ou indígenas que, independentemente da renda (art. 14, II, Portaria Normativa nº 18/2012), tenham cursado integralmente o ensino médio em escolas públicas (Lei nº 12.711/2012)","","PEDAGOGIA","L06","NA",TRUE,FALSE,TRUE,FALSE
10930,"SISU2019",494.22,5,0,NA,"Candidatos autodeclarados pretos, pardos ou indígenas que, independentemente da renda (art. 14, II, Portaria Normativa nº 18/2012), tenham cursado integralmente o ensino médio em escolas públicas (Lei nº 12.711/2012)","","PEDAGOGIA","L06","NA",TRUE,FALSE,TRUE,FALSE
10939,"SISU2019",493.82,5,0,NA,"Candidatos autodeclarados pretos, pardos ou indígenas que, independentemente da renda (art. 14, II, Portaria Normativa nº 18/2012), tenham cursado integralmente o ensino médio em escolas públicas (Lei nº 12.711/2012)","","PEDAGOGIA","L06","NA",TRUE,FALSE,TRUE,FALSE
10948,"SISU2019",493.22,5,0,NA,"Candidatos autodeclarados pretos, pardos ou indígenas que, independentemente da renda (art. 14, II, Portaria Normativa nº 18/2012), tenham cursado integralmente o ensino médio em escolas públicas (Lei nº 12.711/2012)","","PEDAGOGIA","L06","NA",TRUE,FALSE,TRUE,FALSE
10957,"SISU2019",490.58,5,0,NA,"Candidatos autodeclarados pretos, pardos ou indígenas que, independentemente da renda (art. 14, II, Portaria Normativa nº 18/2012), tenham cursado integralmente o ensino médio em escolas públicas (Lei nº 12.711/2012)","","PEDAGOGIA","L06","NA",TRUE,FALSE,TRUE,FALSE
10965,"SISU2019",488.92,5,NA,NA,"Candidatos autodeclarados pretos, pardos ou indígenas que, independentemente da renda (art. 14, II, Portaria Normativa nº 18/2012), tenham cursado integralmente o ensino médio em escolas públicas (Lei nº 12.711/2012)","","PEDAGOGIA","L06","NA",TRUE,FALSE,TRUE,FALSE
10972,"SISU2019",488.06,5,NA,NA,"Candidatos autodeclarados pretos, pardos ou indígenas que, independentemente da renda (art. 14, II, Portaria Normativa nº 18/2012), tenham cursado integralmente o ensino médio em escolas públicas (Lei nº 12.711/2012)","","PEDAGOGIA","L06","NA",TRUE,FALSE,TRUE,FALSE
10976,"SISU2019",475.04,5,NA,NA,"Candidatos autodeclarados pretos, pardos ou indígenas que, independentemente da renda (art. 14, II, Portaria Normativa nº 18/2012), tenham cursado integralmente o ensino médio em escolas públicas (Lei nº 12.711/2012)","","PEDAGOGIA","L06","NA",TRUE,FALSE,TRUE,FALSE
10981,"SISU2019",466.94,5,0,NA,"Candidatos autodeclarados pretos, pardos ou indígenas que, independentemente da renda (art. 14, II, Portaria Normativa nº 18/2012), tenham cursado integralmente o ensino médio em escolas públicas (Lei nº 12.711/2012)","","PEDAGOGIA","L06","NA",TRUE,FALSE,TRUE,FALSE
10987,"SISU2019",458.48,5,NA,NA,"Candidatos autodeclarados pretos, pardos ou indígenas que, independentemente da renda (art. 14, II, Portaria Normativa nº 18/2012), tenham cursado integralmente o ensino médio em escolas públicas (Lei nº 12.711/2012)","","PEDAGOGIA","L06","NA",TRUE,FALSE,TRUE,FALSE
10992,"SISU2019",447.76,5,NA,NA,"Candidatos autodeclarados pretos, pardos ou indígenas que, independentemente da renda (art. 14, II, Portaria Normativa nº 18/2012), tenham cursado integralmente o ensino médio em escolas públicas (Lei nº 12.711/2012)","","PEDAGOGIA","L06","NA",TRUE,FALSE,TRUE,FALSE
10997,"SISU2019",427.66,5,0,NA,"Candidatos autodeclarados pretos, pardos ou indígenas que, independentemente da renda (art. 14, II, Portaria Normativa nº 18/2012), tenham cursado integralmente o ensino médio em escolas públicas (Lei nº 12.711/2012)","","PEDAGOGIA","L06","NA",TRUE,FALSE,TRUE,FALSE
11001,"SISU2019",423.36,5,NA,NA,"Candidatos autodeclarados pretos, pardos ou indígenas que, independentemente da renda (art. 14, II, Portaria Normativa nº 18/2012), tenham cursado integralmente o ensino médio em escolas públicas (Lei nº 12.711/2012)","","PEDAGOGIA","L06","NA",TRUE,FALSE,TRUE,FALSE
11030,"SISU2019",520.94,6,2,6,"Candidatos com deficiência autodeclarados pretos, pardos ou indígenas que, independentemente da renda (art. 14, II, Portaria Normativa nº 18/2012), tenham cursado integralmente o ensino médio em escolas públicas (Lei nº 12.711/2012)","Candidatos com deficiência autodeclarados pretos, pardos ou indígenas que, independentemente da renda (art. 14, II, Portaria Normativa nº 18/2012), tenham cursado integralmente o ensino médio em escolas públicas (Lei nº 12.711/2012)","PEDAGOGIA","L13","L13",TRUE,FALSE,FALSE,TRUE
11047,"SISU2019",454.98,2,2,2,"Candidatos com deficiência autodeclarados pretos, pardos ou indígenas, que tenham renda familiar bruta per capita igual ou inferior a 1,5 salário mínimo e que tenham cursado integralmente o ensino médio em escolas públicas (Lei nº 12.711/2012)","Candidatos com deficiência autodeclarados pretos, pardos ou indígenas, que tenham renda familiar bruta per capita igual ou inferior a 1,5 salário mínimo e que tenham cursado integralmente o ensino médio em escolas públicas (Lei nº 12.711/2012)","PEDAGOGIA","L09","L09",TRUE,TRUE,FALSE,TRUE
11079,"SISU2019",406.98,4,2,4,"Candidatos com deficiência que tenham renda familiar bruta per capita igual ou inferior a 1,5 salário mínimo e que tenham cursado integralmente o ensino médio em escolas públicas (Lei nº 12.711/2012)","Candidatos com deficiência que tenham renda familiar bruta per capita igual ou inferior a 1,5 salário mínimo e que tenham cursado integralmente o ensino médio em escolas públicas (Lei nº 12.711/2012)","PEDAGOGIA","L10","L10",TRUE,TRUE,TRUE,TRUE
11085,"SISU2019",402.14,4,0,NA,"Candidatos com deficiência que tenham renda familiar bruta per capita igual ou inferior a 1,5 salário mínimo e que tenham cursado integralmente o ensino médio em escolas públicas (Lei nº 12.711/2012)","","PEDAGOGIA","L10","NA",TRUE,TRUE,TRUE,TRUE
11097,"SISU2019",616.1,3,2,9,"Candidatos com renda familiar bruta per capita igual ou inferior a 1,5 salário mínimo que tenham cursado integralmente o ensino médio em escolas públicas (Lei nº 12.711/2012)","Ampla Concorrência","PEDAGOGIA","L01","A0",TRUE,TRUE,FALSE,FALSE
11162,"SISU2019",601.9,3,2,3,"Candidatos com renda familiar bruta per capita igual ou inferior a 1,5 salário mínimo que tenham cursado integralmente o ensino médio em escolas públicas (Lei nº 12.711/2012)","Candidatos com renda familiar bruta per capita igual ou inferior a 1,5 salário mínimo que tenham cursado integralmente o ensino médio em escolas públicas (Lei nº 12.711/2012)","PEDAGOGIA","L01","L01",TRUE,TRUE,FALSE,FALSE
11230,"SISU2019",598.5,3,2,3,"Candidatos com renda familiar bruta per capita igual ou inferior a 1,5 salário mínimo que tenham cursado integralmente o ensino médio em escolas públicas (Lei nº 12.711/2012)","Candidatos com renda familiar bruta per capita igual ou inferior a 1,5 salário mínimo que tenham cursado integralmente o ensino médio em escolas públicas (Lei nº 12.711/2012)","PEDAGOGIA","L01","L01",TRUE,TRUE,FALSE,FALSE
11296,"SISU2019",588.06,3,2,3,"Candidatos com renda familiar bruta per capita igual ou inferior a 1,5 salário mínimo que tenham cursado integralmente o ensino médio em escolas públicas (Lei nº 12.711/2012)","Candidatos com renda familiar bruta per capita igual ou inferior a 1,5 salário mínimo que tenham cursado integralmente o ensino médio em escolas públicas (Lei nº 12.711/2012)","PEDAGOGIA","L01","L01",TRUE,TRUE,FALSE,FALSE
11363,"SISU2019",577.04,3,3,3,"Candidatos com renda familiar bruta per capita igual ou inferior a 1,5 salário mínimo que tenham cursado integralmente o ensino médio em escolas públicas (Lei nº 12.711/2012)","Candidatos com renda familiar bruta per capita igual ou inferior a 1,5 salário mínimo que tenham cursado integralmente o ensino médio em escolas públicas (Lei nº 12.711/2012)","PEDAGOGIA","L01","L01",TRUE,TRUE,FALSE,FALSE
11426,"SISU2019",576.3,3,3,3,"Candidatos com renda familiar bruta per capita igual ou inferior a 1,5 salário mínimo que tenham cursado integralmente o ensino médio em escolas públicas (Lei nº 12.711/2012)","Candidatos com renda familiar bruta per capita igual ou inferior a 1,5 salário mínimo que tenham cursado integralmente o ensino médio em escolas públicas (Lei nº 12.711/2012)","PEDAGOGIA","L01","L01",TRUE,TRUE,FALSE,FALSE
11491,"SISU2019",569.46,3,0,NA,"Candidatos com renda familiar bruta per capita igual ou inferior a 1,5 salário mínimo que tenham cursado integralmente o ensino médio em escolas públicas (Lei nº 12.711/2012)","","PEDAGOGIA","L01","NA",TRUE,TRUE,FALSE,FALSE
11551,"SISU2019",555.84,3,NA,NA,"Candidatos com renda familiar bruta per capita igual ou inferior a 1,5 salário mínimo que tenham cursado integralmente o ensino médio em escolas públicas (Lei nº 12.711/2012)","","PEDAGOGIA","L01","NA",TRUE,TRUE,FALSE,FALSE
11606,"SISU2019",554.48,3,NA,NA,"Candidatos com renda familiar bruta per capita igual ou inferior a 1,5 salário mínimo que tenham cursado integralmente o ensino médio em escolas públicas (Lei nº 12.711/2012)","","PEDAGOGIA","L01","NA",TRUE,TRUE,FALSE,FALSE
11665,"SISU2019",547.16,3,NA,NA,"Candidatos com renda familiar bruta per capita igual ou inferior a 1,5 salário mínimo que tenham cursado integralmente o ensino médio em escolas públicas (Lei nº 12.711/2012)","","PEDAGOGIA","L01","NA",TRUE,TRUE,FALSE,FALSE
11726,"SISU2019",541,3,0,NA,"Candidatos com renda familiar bruta per capita igual ou inferior a 1,5 salário mínimo que tenham cursado integralmente o ensino médio em escolas públicas (Lei nº 12.711/2012)","","PEDAGOGIA","L01","NA",TRUE,TRUE,FALSE,FALSE
11774,"SISU2019",532.8,3,NA,NA,"Candidatos com renda familiar bruta per capita igual ou inferior a 1,5 salário mínimo que tenham cursado integralmente o ensino médio em escolas públicas (Lei nº 12.711/2012)","","PEDAGOGIA","L01","NA",TRUE,TRUE,FALSE,FALSE
11830,"SISU2019",530.24,3,NA,NA,"Candidatos com renda familiar bruta per capita igual ou inferior a 1,5 salário mínimo que tenham cursado integralmente o ensino médio em escolas públicas (Lei nº 12.711/2012)","","PEDAGOGIA","L01","NA",TRUE,TRUE,FALSE,FALSE
11875,"SISU2019",520.72,3,NA,NA,"Candidatos com renda familiar bruta per capita igual ou inferior a 1,5 salário mínimo que tenham cursado integralmente o ensino médio em escolas públicas (Lei nº 12.711/2012)","","PEDAGOGIA","L01","NA",TRUE,TRUE,FALSE,FALSE
11946,"SISU2019",520.18,3,NA,NA,"Candidatos com renda familiar bruta per capita igual ou inferior a 1,5 salário mínimo que tenham cursado integralmente o ensino médio em escolas públicas (Lei nº 12.711/2012)","","PEDAGOGIA","L01","NA",TRUE,TRUE,FALSE,FALSE
11986,"SISU2019",510.98,3,0,NA,"Candidatos com renda familiar bruta per capita igual ou inferior a 1,5 salário mínimo que tenham cursado integralmente o ensino médio em escolas públicas (Lei nº 12.711/2012)","","PEDAGOGIA","L01","NA",TRUE,TRUE,FALSE,FALSE
12020,"SISU2019",506.92,3,NA,NA,"Candidatos com renda familiar bruta per capita igual ou inferior a 1,5 salário mínimo que tenham cursado integralmente o ensino médio em escolas públicas (Lei nº 12.711/2012)","","PEDAGOGIA","L01","NA",TRUE,TRUE,FALSE,FALSE
12050,"SISU2019",490.38,3,0,NA,"Candidatos com renda familiar bruta per capita igual ou inferior a 1,5 salário mínimo que tenham cursado integralmente o ensino médio em escolas públicas (Lei nº 12.711/2012)","","PEDAGOGIA","L01","NA",TRUE,TRUE,FALSE,FALSE
12076,"SISU2019",489.6,3,NA,NA,"Candidatos com renda familiar bruta per capita igual ou inferior a 1,5 salário mínimo que tenham cursado integralmente o ensino médio em escolas públicas (Lei nº 12.711/2012)","","PEDAGOGIA","L01","NA",TRUE,TRUE,FALSE,FALSE
12102,"SISU2019",480.14,3,0,NA,"Candidatos com renda familiar bruta per capita igual ou inferior a 1,5 salário mínimo que tenham cursado integralmente o ensino médio em escolas públicas (Lei nº 12.711/2012)","","PEDAGOGIA","L01","NA",TRUE,TRUE,FALSE,FALSE
12123,"SISU2019",477.74,3,0,NA,"Candidatos com renda familiar bruta per capita igual ou inferior a 1,5 salário mínimo que tenham cursado integralmente o ensino médio em escolas públicas (Lei nº 12.711/2012)","","PEDAGOGIA","L01","NA",TRUE,TRUE,FALSE,FALSE
12146,"SISU2019",476.24,3,NA,NA,"Candidatos com renda familiar bruta per capita igual ou inferior a 1,5 salário mínimo que tenham cursado integralmente o ensino médio em escolas públicas (Lei nº 12.711/2012)","","PEDAGOGIA","L01","NA",TRUE,TRUE,FALSE,FALSE
12165,"SISU2019",475.2,3,0,NA,"Candidatos com renda familiar bruta per capita igual ou inferior a 1,5 salário mínimo que tenham cursado integralmente o ensino médio em escolas públicas (Lei nº 12.711/2012)","","PEDAGOGIA","L01","NA",TRUE,TRUE,FALSE,FALSE
12184,"SISU2019",465.12,3,NA,NA,"Candidatos com renda familiar bruta per capita igual ou inferior a 1,5 salário mínimo que tenham cursado integralmente o ensino médio em escolas públicas (Lei nº 12.711/2012)","","PEDAGOGIA","L01","NA",TRUE,TRUE,FALSE,FALSE
12201,"SISU2019",450.72,3,NA,NA,"Candidatos com renda familiar bruta per capita igual ou inferior a 1,5 salário mínimo que tenham cursado integralmente o ensino médio em escolas públicas (Lei nº 12.711/2012)","","PEDAGOGIA","L01","NA",TRUE,TRUE,FALSE,FALSE
12218,"SISU2019",446.02,3,0,NA,"Candidatos com renda familiar bruta per capita igual ou inferior a 1,5 salário mínimo que tenham cursado integralmente o ensino médio em escolas públicas (Lei nº 12.711/2012)","","PEDAGOGIA","L01","NA",TRUE,TRUE,FALSE,FALSE
12233,"SISU2019",426.54,3,NA,NA,"Candidatos com renda familiar bruta per capita igual ou inferior a 1,5 salário mínimo que tenham cursado integralmente o ensino médio em escolas públicas (Lei nº 12.711/2012)","","PEDAGOGIA","L01","NA",TRUE,TRUE,FALSE,FALSE
12593,"SISU2019",608.02,7,2,9,"Candidatos que, independentemente da renda (art. 14, II, Portaria Normativa nº 18/2012), tenham cursado integralmente o ensino médio em escolas públicas (Lei nº 12.711/2012)","Ampla Concorrência","PEDAGOGIA","L05","A0",TRUE,FALSE,FALSE,FALSE
12667,"SISU2019",607.82,7,0,NA,"Candidatos que, independentemente da renda (art. 14, II, Portaria Normativa nº 18/2012), tenham cursado integralmente o ensino médio em escolas públicas (Lei nº 12.711/2012)","","PEDAGOGIA","L05","NA",TRUE,FALSE,FALSE,FALSE
12727,"SISU2019",600.34,7,0,NA,"Candidatos que, independentemente da renda (art. 14, II, Portaria Normativa nº 18/2012), tenham cursado integralmente o ensino médio em escolas públicas (Lei nº 12.711/2012)","","PEDAGOGIA","L05","NA",TRUE,FALSE,FALSE,FALSE
12790,"SISU2019",595.2,7,8,9,"Candidatos que, independentemente da renda (art. 14, II, Portaria Normativa nº 18/2012), tenham cursado integralmente o ensino médio em escolas públicas (Lei nº 12.711/2012)","Ampla Concorrência","PEDAGOGIA","L05","A0",TRUE,FALSE,FALSE,FALSE
12845,"SISU2019",594.8,7,NA,NA,"Candidatos que, independentemente da renda (art. 14, II, Portaria Normativa nº 18/2012), tenham cursado integralmente o ensino médio em escolas públicas (Lei nº 12.711/2012)","","PEDAGOGIA","L05","NA",TRUE,FALSE,FALSE,FALSE
12906,"SISU2019",582.76,7,0,NA,"Candidatos que, independentemente da renda (art. 14, II, Portaria Normativa nº 18/2012), tenham cursado integralmente o ensino médio em escolas públicas (Lei nº 12.711/2012)","","PEDAGOGIA","L05","NA",TRUE,FALSE,FALSE,FALSE
12957,"SISU2019",577.22,7,NA,NA,"Candidatos que, independentemente da renda (art. 14, II, Portaria Normativa nº 18/2012), tenham cursado integralmente o ensino médio em escolas públicas (Lei nº 12.711/2012)","","PEDAGOGIA","L05","NA",TRUE,FALSE,FALSE,FALSE
13009,"SISU2019",574.74,7,0,NA,"Candidatos que, independentemente da renda (art. 14, II, Portaria Normativa nº 18/2012), tenham cursado integralmente o ensino médio em escolas públicas (Lei nº 12.711/2012)","","PEDAGOGIA","L05","NA",TRUE,FALSE,FALSE,FALSE
13055,"SISU2019",573.56,7,NA,NA,"Candidatos que, independentemente da renda (art. 14, II, Portaria Normativa nº 18/2012), tenham cursado integralmente o ensino médio em escolas públicas (Lei nº 12.711/2012)","","PEDAGOGIA","L05","NA",TRUE,FALSE,FALSE,FALSE
13101,"SISU2019",564.98,7,0,NA,"Candidatos que, independentemente da renda (art. 14, II, Portaria Normativa nº 18/2012), tenham cursado integralmente o ensino médio em escolas públicas (Lei nº 12.711/2012)","","PEDAGOGIA","L05","NA",TRUE,FALSE,FALSE,FALSE
13142,"SISU2019",556.38,7,NA,NA,"Candidatos que, independentemente da renda (art. 14, II, Portaria Normativa nº 18/2012), tenham cursado integralmente o ensino médio em escolas públicas (Lei nº 12.711/2012)","","PEDAGOGIA","L05","NA",TRUE,FALSE,FALSE,FALSE
13178,"SISU2019",548.04,7,NA,NA,"Candidatos que, independentemente da renda (art. 14, II, Portaria Normativa nº 18/2012), tenham cursado integralmente o ensino médio em escolas públicas (Lei nº 12.711/2012)","","PEDAGOGIA","L05","NA",TRUE,FALSE,FALSE,FALSE
13209,"SISU2019",546.6,7,NA,NA,"Candidatos que, independentemente da renda (art. 14, II, Portaria Normativa nº 18/2012), tenham cursado integralmente o ensino médio em escolas públicas (Lei nº 12.711/2012)","","PEDAGOGIA","L05","NA",TRUE,FALSE,FALSE,FALSE
13235,"SISU2019",544.36,7,NA,NA,"Candidatos que, independentemente da renda (art. 14, II, Portaria Normativa nº 18/2012), tenham cursado integralmente o ensino médio em escolas públicas (Lei nº 12.711/2012)","","PEDAGOGIA","L05","NA",TRUE,FALSE,FALSE,FALSE
13261,"SISU2019",541.5,7,NA,NA,"Candidatos que, independentemente da renda (art. 14, II, Portaria Normativa nº 18/2012), tenham cursado integralmente o ensino médio em escolas públicas (Lei nº 12.711/2012)","","PEDAGOGIA","L05","NA",TRUE,FALSE,FALSE,FALSE
13288,"SISU2019",540.5,7,NA,NA,"Candidatos que, independentemente da renda (art. 14, II, Portaria Normativa nº 18/2012), tenham cursado integralmente o ensino médio em escolas públicas (Lei nº 12.711/2012)","","PEDAGOGIA","L05","NA",TRUE,FALSE,FALSE,FALSE
13311,"SISU2019",537.32,7,NA,NA,"Candidatos que, independentemente da renda (art. 14, II, Portaria Normativa nº 18/2012), tenham cursado integralmente o ensino médio em escolas públicas (Lei nº 12.711/2012)","","PEDAGOGIA","L05","NA",TRUE,FALSE,FALSE,FALSE
13333,"SISU2019",531.06,7,0,NA,"Candidatos que, independentemente da renda (art. 14, II, Portaria Normativa nº 18/2012), tenham cursado integralmente o ensino médio em escolas públicas (Lei nº 12.711/2012)","","PEDAGOGIA","L05","NA",TRUE,FALSE,FALSE,FALSE
13353,"SISU2019",529.96,7,0,NA,"Candidatos que, independentemente da renda (art. 14, II, Portaria Normativa nº 18/2012), tenham cursado integralmente o ensino médio em escolas públicas (Lei nº 12.711/2012)","","PEDAGOGIA","L05","NA",TRUE,FALSE,FALSE,FALSE
13371,"SISU2019",526.72,7,NA,NA,"Candidatos que, independentemente da renda (art. 14, II, Portaria Normativa nº 18/2012), tenham cursado integralmente o ensino médio em escolas públicas (Lei nº 12.711/2012)","","PEDAGOGIA","L05","NA",TRUE,FALSE,FALSE,FALSE
13386,"SISU2019",522.36,7,0,NA,"Candidatos que, independentemente da renda (art. 14, II, Portaria Normativa nº 18/2012), tenham cursado integralmente o ensino médio em escolas públicas (Lei nº 12.711/2012)","","PEDAGOGIA","L05","NA",TRUE,FALSE,FALSE,FALSE
13400,"SISU2019",521.98,7,NA,NA,"Candidatos que, independentemente da renda (art. 14, II, Portaria Normativa nº 18/2012), tenham cursado integralmente o ensino médio em escolas públicas (Lei nº 12.711/2012)","","PEDAGOGIA","L05","NA",TRUE,FALSE,FALSE,FALSE
13411,"SISU2019",513.72,7,0,NA,"Candidatos que, independentemente da renda (art. 14, II, Portaria Normativa nº 18/2012), tenham cursado integralmente o ensino médio em escolas públicas (Lei nº 12.711/2012)","","PEDAGOGIA","L05","NA",TRUE,FALSE,FALSE,FALSE
13425,"SISU2019",509.76,7,NA,NA,"Candidatos que, independentemente da renda (art. 14, II, Portaria Normativa nº 18/2012), tenham cursado integralmente o ensino médio em escolas públicas (Lei nº 12.711/2012)","","PEDAGOGIA","L05","NA",TRUE,FALSE,FALSE,FALSE
13434,"SISU2019",506.4,7,0,NA,"Candidatos que, independentemente da renda (art. 14, II, Portaria Normativa nº 18/2012), tenham cursado integralmente o ensino médio em escolas públicas (Lei nº 12.711/2012)","","PEDAGOGIA","L05","NA",TRUE,FALSE,FALSE,FALSE
13442,"SISU2019",499.22,7,NA,NA,"Candidatos que, independentemente da renda (art. 14, II, Portaria Normativa nº 18/2012), tenham cursado integralmente o ensino médio em escolas públicas (Lei nº 12.711/2012)","","PEDAGOGIA","L05","NA",TRUE,FALSE,FALSE,FALSE
13451,"SISU2019",496.38,7,0,NA,"Candidatos que, independentemente da renda (art. 14, II, Portaria Normativa nº 18/2012), tenham cursado integralmente o ensino médio em escolas públicas (Lei nº 12.711/2012)","","PEDAGOGIA","L05","NA",TRUE,FALSE,FALSE,FALSE
13458,"SISU2019",489.02,7,NA,NA,"Candidatos que, independentemente da renda (art. 14, II, Portaria Normativa nº 18/2012), tenham cursado integralmente o ensino médio em escolas públicas (Lei nº 12.711/2012)","","PEDAGOGIA","L05","NA",TRUE,FALSE,FALSE,FALSE
13467,"SISU2019",476.42,7,NA,NA,"Candidatos que, independentemente da renda (art. 14, II, Portaria Normativa nº 18/2012), tenham cursado integralmente o ensino médio em escolas públicas (Lei nº 12.711/2012)","","PEDAGOGIA","L05","NA",TRUE,FALSE,FALSE,FALSE
13474,"SISU2019",471.02,7,NA,NA,"Candidatos que, independentemente da renda (art. 14, II, Portaria Normativa nº 18/2012), tenham cursado integralmente o ensino médio em escolas públicas (Lei nº 12.711/2012)","","PEDAGOGIA","L05","NA",TRUE,FALSE,FALSE,FALSE
13483,"SISU2019",466.72,7,0,NA,"Candidatos que, independentemente da renda (art. 14, II, Portaria Normativa nº 18/2012), tenham cursado integralmente o ensino médio em escolas públicas (Lei nº 12.711/2012)","","PEDAGOGIA","L05","NA",TRUE,FALSE,FALSE,FALSE
13490,"SISU2019",462.92,7,NA,NA,"Candidatos que, independentemente da renda (art. 14, II, Portaria Normativa nº 18/2012), tenham cursado integralmente o ensino médio em escolas públicas (Lei nº 12.711/2012)","","PEDAGOGIA","L05","NA",TRUE,FALSE,FALSE,FALSE
13497,"SISU2019",442.72,7,0,NA,"Candidatos que, independentemente da renda (art. 14, II, Portaria Normativa nº 18/2012), tenham cursado integralmente o ensino médio em escolas públicas (Lei nº 12.711/2012)","","PEDAGOGIA","L05","NA",TRUE,FALSE,FALSE,FALSE
13504,"SISU2019",441.68,7,NA,NA,"Candidatos que, independentemente da renda (art. 14, II, Portaria Normativa nº 18/2012), tenham cursado integralmente o ensino médio em escolas públicas (Lei nº 12.711/2012)","","PEDAGOGIA","L05","NA",TRUE,FALSE,FALSE,FALSE
13510,"SISU2019",387.24,7,0,NA,"Candidatos que, independentemente da renda (art. 14, II, Portaria Normativa nº 18/2012), tenham cursado integralmente o ensino médio em escolas públicas (Lei nº 12.711/2012)","","PEDAGOGIA","L05","NA",TRUE,FALSE,FALSE,FALSE
